-- MySQL dump 10.13  Distrib 5.6.20, for osx10.6 (x86_64)
--
-- Host: localhost    Database: blueeconomics
-- ------------------------------------------------------
-- Server version	5.6.20

/*!40101 SET @OLD_CHARACTER_SET_CLIENT=@@CHARACTER_SET_CLIENT */;
/*!40101 SET @OLD_CHARACTER_SET_RESULTS=@@CHARACTER_SET_RESULTS */;
/*!40101 SET @OLD_COLLATION_CONNECTION=@@COLLATION_CONNECTION */;
/*!40101 SET NAMES utf8 */;
/*!40103 SET @OLD_TIME_ZONE=@@TIME_ZONE */;
/*!40103 SET TIME_ZONE='+00:00' */;
/*!40014 SET @OLD_UNIQUE_CHECKS=@@UNIQUE_CHECKS, UNIQUE_CHECKS=0 */;
/*!40014 SET @OLD_FOREIGN_KEY_CHECKS=@@FOREIGN_KEY_CHECKS, FOREIGN_KEY_CHECKS=0 */;
/*!40101 SET @OLD_SQL_MODE=@@SQL_MODE, SQL_MODE='NO_AUTO_VALUE_ON_ZERO' */;
/*!40111 SET @OLD_SQL_NOTES=@@SQL_NOTES, SQL_NOTES=0 */;

use blueeconomics;

--
-- Table structure for table `educationlevels`
--

DROP TABLE IF EXISTS `educationlevels`;
/*!40101 SET @saved_cs_client     = @@character_set_client */;
/*!40101 SET character_set_client = utf8 */;
CREATE TABLE `educationlevels` (
  `Id` int(11) NOT NULL AUTO_INCREMENT,
  `Name` longtext,
  `Score` decimal(18,2) NOT NULL,
  `Alias` longtext,
  PRIMARY KEY (`Id`)
) ENGINE=InnoDB AUTO_INCREMENT=10 DEFAULT CHARSET=latin1;
/*!40101 SET character_set_client = @saved_cs_client */;

--
-- Dumping data for table `educationlevels`
--

LOCK TABLES `educationlevels` WRITE;
/*!40000 ALTER TABLE `educationlevels` DISABLE KEYS */;
INSERT INTO `educationlevels` VALUES (1,'Less than high school',4.00,'Lessthanhighschool'),(2,'High school',3.00,'Highschooldiplomaorequivalent'),(3,'Some college, no degree',2.00,'Somecollegenodegree'),(4,'Associate\'s degree',1.00,'Associatesdegree'),(5,'Bachelor\'s degree',0.00,'Bachelorsdegree'),(6,'Master\'s degree',0.00,'Mastersdegree'),(7,'Doctoral or professional degree',0.00,'Doctoralorprofessionaldegree'),(8,'Post Secondary, Non Degree Award',0.00,'Postsecondarynondegreeaward'),(9,'Typical level of education that most workers need to enter this occupation.',0.00,'Typical level of education that most workers need to enter this occupation.');
/*!40000 ALTER TABLE `educationlevels` ENABLE KEYS */;
UNLOCK TABLES;

--
-- Table structure for table `faq_expert`
--

DROP TABLE IF EXISTS `faq_expert`;
/*!40101 SET @saved_cs_client     = @@character_set_client */;
/*!40101 SET character_set_client = utf8 */;
CREATE TABLE `faq_expert` (
  `Id` int(11) NOT NULL AUTO_INCREMENT,
  `Username` varchar(64) NOT NULL,
  `Password` char(32) NOT NULL,
  `Organization` varchar(400) NOT NULL,
  `FirstName` varchar(32) NOT NULL,
  `LastName` varchar(32) NOT NULL,
  `FAQ_ExpertGroupId` int(11) NOT NULL,
  PRIMARY KEY (`Id`),
  UNIQUE KEY `Username` (`Username`),
  KEY `FAQ_ExpertGroupId` (`FAQ_ExpertGroupId`)
) ENGINE=InnoDB AUTO_INCREMENT=5024 DEFAULT CHARSET=utf8;
/*!40101 SET character_set_client = @saved_cs_client */;

--
-- Dumping data for table `faq_expert`
--

LOCK TABLES `faq_expert` WRITE;
/*!40000 ALTER TABLE `faq_expert` DISABLE KEYS */;
INSERT INTO `faq_expert` VALUES (5023,'jim_raynor','5f4dcc3b5aa765d61d8327deb882cf99','Workforce Advisor','Jim','Raynor',1);
/*!40000 ALTER TABLE `faq_expert` ENABLE KEYS */;
UNLOCK TABLES;

--
-- Table structure for table `faq_expertgroup`
--

DROP TABLE IF EXISTS `faq_expertgroup`;
/*!40101 SET @saved_cs_client     = @@character_set_client */;
/*!40101 SET character_set_client = utf8 */;
CREATE TABLE `faq_expertgroup` (
  `Id` int(11) NOT NULL AUTO_INCREMENT,
  `GroupName` varchar(64) NOT NULL,
  `SocCode` varchar(7) NOT NULL,
  PRIMARY KEY (`Id`),
  UNIQUE KEY `GroupName` (`GroupName`)
) ENGINE=InnoDB AUTO_INCREMENT=2 DEFAULT CHARSET=utf8;
/*!40101 SET character_set_client = @saved_cs_client */;

--
-- Dumping data for table `faq_expertgroup`
--

LOCK TABLES `faq_expertgroup` WRITE;
/*!40000 ALTER TABLE `faq_expertgroup` DISABLE KEYS */;
INSERT INTO `faq_expertgroup` VALUES (1,'Nuclear Engineers','17-2161');
/*!40000 ALTER TABLE `faq_expertgroup` ENABLE KEYS */;
UNLOCK TABLES;

--
-- Table structure for table `faq_question`
--

DROP TABLE IF EXISTS `faq_question`;
/*!40101 SET @saved_cs_client     = @@character_set_client */;
/*!40101 SET character_set_client = utf8 */;
CREATE TABLE `faq_question` (
  `Id` int(11) NOT NULL AUTO_INCREMENT,
  `Text` longtext NOT NULL,
  `OccupationId` int(11) NOT NULL,
  `DateCreated` datetime DEFAULT NULL,
  `FAQ_QuestionSourceId` int(11) NOT NULL,
  PRIMARY KEY (`Id`),
  KEY `IX_OccupationId` (`OccupationId`),
  KEY `IX_FAQ_QuestionSourceID` (`FAQ_QuestionSourceId`)
) ENGINE=InnoDB AUTO_INCREMENT=640124 DEFAULT CHARSET=utf8;
/*!40101 SET character_set_client = @saved_cs_client */;

--
-- Dumping data for table `faq_question`
--

LOCK TABLES `faq_question` WRITE;
/*!40000 ALTER TABLE `faq_question` DISABLE KEYS */;
INSERT INTO `faq_question` VALUES (636724,'How do I become a  Administrative Services Managers',1,'2014-11-08 00:18:11',5023),(636725,'What education do I need and how do I get it (what schools/training program do you recommend)?',1,'2014-11-08 18:12:00',5023),(636726,'What skills do I need and how do I get  them?',1,NULL,5023),(636727,'Where can I get help on Immigration issues?',1,NULL,5023),(636728,'Where is most of the hiring?',1,NULL,5023),(636729,'Do I have to join a union? How do I join a Union?',1,NULL,5023),(636730,'What can I do about Financial Aid?',1,NULL,5023),(636731,'Whats the best way to apply?',1,NULL,5023),(636732,'Whats the best way to network?',1,NULL,5023),(636733,'Where can I go for more assistance?',1,NULL,5023),(636734,'How do I become a  Advertising, Promotions, and Marketing Managers',2,NULL,5023),(636744,'How do I become a  Architectural and Engineering Managers',3,NULL,5023),(636754,'How do I become a  Compensation and Benefits Managers',4,NULL,5023),(636764,'How do I become a  Computer and Information Systems Managers',5,NULL,5023),(636774,'How do I become a  Construction Managers',6,NULL,5023),(636784,'How do I become a  Elementary, Middle, and High School Principals',7,NULL,5023),(636794,'How do I become a  Farmers, Ranchers, and Other Agricultural Managers',8,NULL,5023),(636804,'How do I become a  Financial Managers',9,NULL,5023),(636814,'How do I become a  Food Service Managers',10,NULL,5023),(636824,'How do I become a  Gaming Services Occupations',11,NULL,5023),(636834,'How do I become a  Human Resources Managers',12,NULL,5023),(636844,'How do I become a  Industrial Production Managers',13,NULL,5023),(636854,'How do I become a  Legislators',14,NULL,5023),(636864,'How do I become a  Lodging Managers',15,NULL,5023),(636874,'How do I become a  Medical and Health Services Managers',16,NULL,5023),(636884,'How do I become a  Natural Sciences Managers',17,NULL,5023),(636894,'How do I become a  Postsecondary Education Administrators',18,NULL,5023),(636904,'How do I become a  Preschool and Childcare Center Directors',19,NULL,5023),(636914,'How do I become a  Property, Real Estate, and Community Association Managers',20,NULL,5023),(636924,'How do I become a  Public Relations Managers and Specialists',21,NULL,5023),(636934,'How do I become a  Purchasing Managers, Buyers, and Purchasing Agents',22,NULL,5023),(636944,'How do I become a  Sales Managers',23,NULL,5023),(636954,'How do I become a  Social and Community Service Managers',24,NULL,5023),(636964,'How do I become a  Top Executives',25,NULL,5023),(636974,'How do I become a  Training and Development Managers',26,NULL,5023),(636984,'How do I become a  Accountants and Auditors',27,NULL,5023),(636994,'How do I become a  Appraisers and Assessors of Real Estate',28,NULL,5023),(637004,'How do I become a  Budget Analysts',29,NULL,5023),(637014,'How do I become a  Claims Adjusters, Appraisers, Examiners, and Investigators',30,NULL,5023),(637024,'How do I become a  Cost Estimators',31,NULL,5023),(637034,'How do I become a  Financial Analysts',32,NULL,5023),(637044,'How do I become a  Financial Examiners',33,NULL,5023),(637054,'How do I become a  Human Resources Specialists',34,NULL,5023),(637064,'How do I become a  Insurance Underwriters',35,NULL,5023),(637074,'How do I become a  Loan Officers',36,NULL,5023),(637084,'How do I become a  Logisticians',37,NULL,5023),(637094,'How do I become a  Management Analysts',38,NULL,5023),(637104,'How do I become a  Market Research Analysts',39,NULL,5023),(637114,'How do I become a  Meeting, Convention, and Event Planners',40,NULL,5023),(637124,'How do I become a  Personal Financial Advisors',41,NULL,5023),(637134,'How do I become a  Tax Examiners and Collectors, and Revenue Agents',42,NULL,5023),(637144,'How do I become a  Actuaries',43,NULL,5023),(637154,'How do I become a  Computer and Information Research Scientists',44,NULL,5023),(637164,'How do I become a  Computer Programmers',45,NULL,5023),(637174,'How do I become a  Computer Support Specialists',46,NULL,5023),(637184,'How do I become a  Computer Systems Analysts',47,NULL,5023),(637194,'How do I become a  Database Administrators',48,NULL,5023),(637204,'How do I become a  Information Security Analysts, Web Developers, and Computer Network Architects',49,NULL,5023),(637214,'How do I become a  Mathematicians',50,NULL,5023),(637224,'How do I become a  Network and Computer Systems Administrators',51,NULL,5023),(637234,'How do I become a  Operations Research Analysts',52,NULL,5023),(637244,'How do I become a  Software Developers',53,NULL,5023),(637254,'How do I become a  Statisticians',54,NULL,5023),(637264,'How do I become a  Aerospace Engineering and Operations Technicians',55,NULL,5023),(637274,'How do I become a  Aerospace Engineers',56,NULL,5023),(637284,'How do I become a  Agricultural Engineers',57,NULL,5023),(637294,'How do I become a  Architects',58,NULL,5023),(637304,'How do I become a  Biomedical Engineers',59,NULL,5023),(637314,'How do I become a  Cartographers and Photogrammetrists',60,NULL,5023),(637324,'How do I become a  Chemical Engineers',61,NULL,5023),(637334,'How do I become a  Civil Engineering Technicians',62,NULL,5023),(637344,'How do I become a  Civil Engineers',63,NULL,5023),(637354,'How do I become a  Computer Hardware Engineers',64,NULL,5023),(637364,'How do I become a  Drafters',65,NULL,5023),(637374,'How do I become a  Electrical and Electronic Engineering Technicians',66,NULL,5023),(637384,'How do I become a  Electrical and Electronics Engineers',67,NULL,5023),(637394,'How do I become a  Electro-mechanical Technicians',68,NULL,5023),(637404,'How do I become a  Environmental Engineering Technicians',69,NULL,5023),(637414,'How do I become a  Environmental Engineers',70,NULL,5023),(637424,'How do I become a  Health and Safety Engineers',71,NULL,5023),(637434,'How do I become a  Industrial Engineering Technicians',72,NULL,5023),(637444,'How do I become a  Industrial Engineers',73,NULL,5023),(637454,'How do I become a  Landscape Architects',74,NULL,5023),(637464,'How do I become a  Marine Engineers and Naval Architects',75,NULL,5023),(637474,'How do I become a  Materials Engineers',76,NULL,5023),(637484,'How do I become a  Mechanical Engineering Technicians',77,NULL,5023),(637494,'How do I become a  Mechanical Engineers',78,NULL,5023),(637504,'How do I become a  Mining and Geological Engineers',79,NULL,5023),(637514,'How do I become a  Nuclear Engineers',80,NULL,5023),(637524,'How do I become a  Petroleum Engineers',81,NULL,5023),(637534,'How do I become a  Surveying and Mapping Technicians',82,NULL,5023),(637544,'How do I become a  Surveyors',83,NULL,5023),(637554,'How do I become a  Agricultural and Food Science Technicians',84,NULL,5023),(637564,'How do I become a  Agricultural and Food Scientists',85,NULL,5023),(637574,'How do I become a  Anthropologists and Archeologists',86,NULL,5023),(637584,'How do I become a  Atmospheric Scientists, Including Meteorologists',87,NULL,5023),(637594,'How do I become a  Biochemists and Biophysicists',88,NULL,5023),(637604,'How do I become a  Biological Technicians',89,NULL,5023),(637614,'How do I become a  Chemical Technicians',90,NULL,5023),(637624,'How do I become a  Chemists and Materials Scientists',91,NULL,5023),(637634,'How do I become a  Conservation Scientists and Foresters',92,NULL,5023),(637644,'How do I become a  Economists',93,NULL,5023),(637654,'How do I become a  Environmental Science and Protection Technicians',94,NULL,5023),(637664,'How do I become a  Environmental Scientists and Specialists',95,NULL,5023),(637674,'How do I become a  Epidemiologists',96,NULL,5023),(637684,'How do I become a  Forensic Science Technicians',97,NULL,5023),(637694,'How do I become a  Forest and Conservation Technicians',98,NULL,5023),(637704,'How do I become a  Geographers',99,NULL,5023),(637714,'How do I become a  Geological and Petroleum Technicians',100,NULL,5023),(637724,'How do I become a  Geoscientists',101,NULL,5023),(637734,'How do I become a  Historians',102,NULL,5023),(637744,'How do I become a  Hydrologists',103,NULL,5023),(637754,'How do I become a  Medical Scientists',104,NULL,5023),(637764,'How do I become a  Microbiologists',105,NULL,5023),(637774,'How do I become a  Nuclear Technicians',106,NULL,5023),(637784,'How do I become a  Physicists and Astronomers',107,NULL,5023),(637794,'How do I become a  Political Scientists',108,NULL,5023),(637804,'How do I become a  Psychologists',109,NULL,5023),(637814,'How do I become a  Sociologists',110,NULL,5023),(637824,'How do I become a  Survey Researchers',111,NULL,5023),(637834,'How do I become a  Urban and Regional Planners',112,NULL,5023),(637844,'How do I become a  Zoologists and Wildlife Biologists',113,NULL,5023),(637854,'How do I become a  Health Educators',114,NULL,5023),(637864,'How do I become a  Mental Health Counselors and Marriage and Family Therapists',115,NULL,5023),(637874,'How do I become a  Probation Officers and Correctional Treatment Specialists',116,NULL,5023),(637884,'How do I become a  Rehabilitation Counselors',117,NULL,5023),(637894,'How do I become a  School and Career Counselors',118,NULL,5023),(637904,'How do I become a  Social and Human Service Assistants',119,NULL,5023),(637914,'How do I become a  Social Workers',120,NULL,5023),(637924,'How do I become a  Substance Abuse and Behavioral Disorder Counselors',121,NULL,5023),(637934,'How do I become a  Court Reporters',122,NULL,5023),(637944,'How do I become a  Judges, Mediators, and Hearing Officers',123,NULL,5023),(637954,'How do I become a  Lawyers',124,NULL,5023),(637964,'How do I become a  Paralegals and Legal Assistants',125,NULL,5023),(637974,'How do I become a  Adult Literacy and GED Teachers',126,NULL,5023),(637984,'How do I become a  Archivists',127,NULL,5023),(637994,'How do I become a  Career and Technical Education Teachers',128,NULL,5023),(638004,'How do I become a  Curators, Museum Technicians, and Conservators',129,NULL,5023),(638014,'How do I become a  High School Teachers',130,NULL,5023),(638024,'How do I become a  Instructional Coordinators',131,NULL,5023),(638034,'How do I become a  Kindergarten and Elementary School Teachers',132,NULL,5023),(638044,'How do I become a  Librarians',133,NULL,5023),(638054,'How do I become a  Library Technicians and Assistants',134,NULL,5023),(638064,'How do I become a  Middle School Teachers',135,NULL,5023),(638074,'How do I become a  Postsecondary Teachers',136,NULL,5023),(638084,'How do I become a  Preschool Teachers',137,NULL,5023),(638094,'How do I become a  Self-enrichment Teachers',138,NULL,5023),(638104,'How do I become a  Special Education Teachers',139,NULL,5023),(638114,'How do I become a  Teacher Assistants',140,NULL,5023),(638124,'How do I become a  Actors',141,NULL,5023),(638134,'How do I become a  Announcers',142,NULL,5023),(638144,'How do I become a  Art Directors',143,NULL,5023),(638154,'How do I become a  Athletes and Sports Competitors',144,NULL,5023),(638164,'How do I become a  Broadcast and Sound Engineering Technicians',145,NULL,5023),(638174,'How do I become a  Coaches and Scouts',146,NULL,5023),(638184,'How do I become a  Craft and Fine Artists',147,NULL,5023),(638194,'How do I become a  Dancers and Choreographers',148,NULL,5023),(638204,'How do I become a  Editors',149,NULL,5023),(638214,'How do I become a  Fashion Designers',150,NULL,5023),(638224,'How do I become a  Film and Video Editors and Camera Operators',151,NULL,5023),(638234,'How do I become a  Floral Designers',152,NULL,5023),(638244,'How do I become a  Graphic Designers',153,NULL,5023),(638254,'How do I become a  Industrial Designers',154,NULL,5023),(638264,'How do I become a  Interior Designers',155,NULL,5023),(638274,'How do I become a  Interpreters and Translators',156,NULL,5023),(638284,'How do I become a  Multimedia Artists and Animators',157,NULL,5023),(638294,'How do I become a  Music Directors and Composers',158,NULL,5023),(638304,'How do I become a  Musicians and Singers',159,NULL,5023),(638314,'How do I become a  Photographers',160,NULL,5023),(638324,'How do I become a  Producers and Directors',161,NULL,5023),(638334,'How do I become a  Reporters, Correspondents, and Broadcast News Analysts',162,NULL,5023),(638344,'How do I become a  Set and Exhibit Designers',163,NULL,5023),(638354,'How do I become a  Technical Writers',164,NULL,5023),(638364,'How do I become a  Umpires, Referees, and Other Sports Officials',165,NULL,5023),(638374,'How do I become a  Writers and Authors',166,NULL,5023),(638384,'How do I become a  Athletic Trainers',167,NULL,5023),(638394,'How do I become a  Audiologists',168,NULL,5023),(638404,'How do I become a  Cardiovascular Technologists and Technicians and Vascular Technologists',169,NULL,5023),(638414,'How do I become a  Chiropractors',170,NULL,5023),(638424,'How do I become a  Dental Hygienists',171,NULL,5023),(638434,'How do I become a  Dentists',172,NULL,5023),(638444,'How do I become a  Diagnostic Medical Sonographers',173,NULL,5023),(638454,'How do I become a  Dietitians and Nutritionists',174,NULL,5023),(638464,'How do I become a  EMTs and Paramedics',175,NULL,5023),(638474,'How do I become a  Licensed Practical and Licensed Vocational Nurses',176,NULL,5023),(638484,'How do I become a  Medical and Clinical Laboratory Technologists and Technicians',177,NULL,5023),(638494,'How do I become a  Medical Records and Health Information Technicians',178,NULL,5023),(638504,'How do I become a  Nuclear Medicine Technologists',179,NULL,5023),(638514,'How do I become a  Occupational Health and Safety Specialists',180,NULL,5023),(638524,'How do I become a  Occupational Health and Safety Technicians',181,NULL,5023),(638534,'How do I become a  Occupational Therapists',182,NULL,5023),(638544,'How do I become a  Opticians, Dispensing',183,NULL,5023),(638554,'How do I become a  Optometrists',184,NULL,5023),(638564,'How do I become a  Orthotists and Prosthetists',185,NULL,5023),(638574,'How do I become a  Pharmacists',186,NULL,5023),(638584,'How do I become a  Pharmacy Technicians',187,NULL,5023),(638594,'How do I become a  Physical Therapists',188,NULL,5023),(638604,'How do I become a  Physician Assistants',189,NULL,5023),(638614,'How do I become a  Physicians and Surgeons',190,NULL,5023),(638624,'How do I become a  Podiatrists',191,NULL,5023),(638634,'How do I become a  Psychiatric Technicians and Aides',192,NULL,5023),(638644,'How do I become a  Radiation Therapists',193,NULL,5023),(638654,'How do I become a  Radiologic Technologists',194,NULL,5023),(638664,'How do I become a  Recreational Therapists',195,NULL,5023),(638674,'How do I become a  Registered Nurses',196,NULL,5023),(638684,'How do I become a  Respiratory Therapists',197,NULL,5023),(638694,'How do I become a  Speech-Language Pathologists',198,NULL,5023),(638704,'How do I become a  Surgical Technologists',199,NULL,5023),(638714,'How do I become a  Veterinarians',200,NULL,5023),(638724,'How do I become a  Veterinary Technologists and Technicians',201,NULL,5023),(638734,'How do I become a  Dental Assistants',202,NULL,5023),(638744,'How do I become a  Home Health and Personal Care Aides',203,NULL,5023),(638754,'How do I become a  Massage Therapists',204,NULL,5023),(638764,'How do I become a  Medical Assistants',205,NULL,5023),(638774,'How do I become a  Medical Transcriptionists',206,NULL,5023),(638784,'How do I become a  Nursing Aides, Orderlies, and Attendants',207,NULL,5023),(638794,'How do I become a  Occupational Therapy Assistants and Aides',208,NULL,5023),(638804,'How do I become a  Physical Therapist Assistants and Aides',209,NULL,5023),(638814,'How do I become a  Veterinary Assistants and Laboratory Animal Caretakers',210,NULL,5023),(638824,'How do I become a  Correctional Officers',211,NULL,5023),(638834,'How do I become a  Firefighters',212,NULL,5023),(638844,'How do I become a  Fire Inspectors and Investigators',213,NULL,5023),(638854,'How do I become a  Police and Detectives',214,NULL,5023),(638864,'How do I become a  Private Detectives and Investigators',215,NULL,5023),(638874,'How do I become a  Security Guards and Gaming Surveillance Officers',216,NULL,5023),(638884,'How do I become a  Bartenders',217,NULL,5023),(638894,'How do I become a  Chefs and Head Cooks',218,NULL,5023),(638904,'How do I become a  Cooks',219,NULL,5023),(638914,'How do I become a  Food and Beverage Serving and Related Workers',220,NULL,5023),(638924,'How do I become a  Food Preparation Workers',221,NULL,5023),(638934,'How do I become a  Waiters and Waitresses',222,NULL,5023),(638944,'How do I become a  Grounds Maintenance Workers',223,NULL,5023),(638954,'How do I become a  Janitors and Building Cleaners',224,NULL,5023),(638964,'How do I become a  Maids and Housekeeping Cleaners',225,NULL,5023),(638974,'How do I become a  Pest Control Workers',226,NULL,5023),(638984,'How do I become a  Animal Care and Service Workers',227,NULL,5023),(638994,'How do I become a  Barbers, Hairdressers, and Cosmetologists',228,NULL,5023),(639004,'How do I become a  Childcare Workers',229,NULL,5023),(639014,'How do I become a  Fitness Trainers and Instructors',230,NULL,5023),(639024,'How do I become a  Funeral Directors',231,NULL,5023),(639034,'How do I become a  Manicurists and Pedicurists',232,NULL,5023),(639044,'How do I become a  Recreation Workers',233,NULL,5023),(639054,'How do I become a  Skincare Specialists',234,NULL,5023),(639064,'How do I become a  Advertising Sales Agents',235,NULL,5023),(639074,'How do I become a  Cashiers',236,NULL,5023),(639084,'How do I become a  Demonstrators and Product Promoters',237,NULL,5023),(639094,'How do I become a  Insurance Sales Agents',238,NULL,5023),(639104,'How do I become a  Models',239,NULL,5023),(639114,'How do I become a  Real Estate Brokers and Sales Agents',240,NULL,5023),(639124,'How do I become a  Retail Sales Workers',241,NULL,5023),(639134,'How do I become a  Sales Engineers',242,NULL,5023),(639144,'How do I become a  Securities, Commodities, and Financial Services Sales Agents',243,NULL,5023),(639154,'How do I become a  Travel Agents',244,NULL,5023),(639164,'How do I become a  Wholesale and Manufacturing Sales Representatives',245,NULL,5023),(639174,'How do I become a  Bill and Account Collectors',246,NULL,5023),(639184,'How do I become a  Bookkeeping, Accounting, and Auditing Clerks',247,NULL,5023),(639194,'How do I become a  Cargo and Freight Agents',248,NULL,5023),(639204,'How do I become a  Couriers and Messengers',249,NULL,5023),(639214,'How do I become a  Customer Service Representatives',250,NULL,5023),(639224,'How do I become a  Desktop Publishers',251,NULL,5023),(639234,'How do I become a  Financial Clerks',252,NULL,5023),(639244,'How do I become a  General Office Clerks',253,NULL,5023),(639254,'How do I become a  Information Clerks',254,NULL,5023),(639264,'How do I become a  Material Recording Clerks',255,NULL,5023),(639274,'How do I become a  Police, Fire, and Ambulance Dispatchers',256,NULL,5023),(639284,'How do I become a  Postal Service Workers',257,NULL,5023),(639294,'How do I become a  Receptionists',258,NULL,5023),(639304,'How do I become a  Secretaries and Administrative Assistants',259,NULL,5023),(639314,'How do I become a  Tellers',260,NULL,5023),(639324,'How do I become a  Agricultural Workers',261,NULL,5023),(639334,'How do I become a  Fishers and Related Fishing Workers',262,NULL,5023),(639344,'How do I become a  Forest and Conservation Workers',263,NULL,5023),(639354,'How do I become a  Logging Workers',264,NULL,5023),(639364,'How do I become a  Boilermakers',265,NULL,5023),(639374,'How do I become a  Brickmasons, Blockmasons, and Stonemasons',266,NULL,5023),(639384,'How do I become a  Carpenters',267,NULL,5023),(639394,'How do I become a  Carpet Installers',268,NULL,5023),(639404,'How do I become a  Cement Masons and Terrazzo Workers',269,NULL,5023),(639414,'How do I become a  Construction and Building Inspectors',270,NULL,5023),(639424,'How do I become a  Construction Equipment Operators',271,NULL,5023),(639434,'How do I become a  Construction Laborers and Helpers',272,NULL,5023),(639444,'How do I become a  Drywall and Ceiling Tile Installers, and Tapers',273,NULL,5023),(639454,'How do I become a  Electricians',274,NULL,5023),(639464,'How do I become a  Elevator Installers and Repairers',275,NULL,5023),(639474,'How do I become a  Glaziers',276,NULL,5023),(639484,'How do I become a  Hazardous Materials Removal Workers',277,NULL,5023),(639494,'How do I become a  Insulation Workers',278,NULL,5023),(639504,'How do I become a  Oil and Gas Workers',279,NULL,5023),(639514,'How do I become a  Painters, Construction and Maintenance',280,NULL,5023),(639524,'How do I become a  Plasterers and Stucco Masons',281,NULL,5023),(639534,'How do I become a  Plumbers, Pipefitters, and Steamfitters',282,NULL,5023),(639544,'How do I become a  Reinforcing Iron and Rebar Workers',283,NULL,5023),(639554,'How do I become a  Roofers',284,NULL,5023),(639564,'How do I become a  Sheet Metal Workers',285,NULL,5023),(639574,'How do I become a  Structural Iron and Steel Workers',286,NULL,5023),(639584,'How do I become a  Tile and Marble Setters',287,NULL,5023),(639594,'How do I become a  Aircraft and Avionics Equipment Mechanics and Technicians',288,NULL,5023),(639604,'How do I become a  Automotive Body and Glass Repairers',289,NULL,5023),(639614,'How do I become a  Automotive Service Technicians and Mechanics',290,NULL,5023),(639624,'How do I become a  Computer, ATM, and Office Machine Repairers',291,NULL,5023),(639634,'How do I become a  Diesel Service Technicians and Mechanics',292,NULL,5023),(639644,'How do I become a  Electrical and Electronics Installers and Repairers',293,NULL,5023),(639654,'How do I become a  General Maintenance and Repair Workers',294,NULL,5023),(639664,'How do I become a  Heating, Air Conditioning, and Refrigeration Mechanics and Installers',295,NULL,5023),(639674,'How do I become a  Heavy Vehicle and Mobile Equipment Service Technicians',296,NULL,5023),(639684,'How do I become a  Home Appliance Repairers',297,NULL,5023),(639694,'How do I become a  Home Entertainment Equipment Installers and Repairers',298,NULL,5023),(639704,'How do I become a  Industrial Machinery Mechanics and Maintenance Workers',299,NULL,5023),(639714,'How do I become a  Line Installers and Repairers',300,NULL,5023),(639724,'How do I become a  Medical Equipment Repairers',301,NULL,5023),(639734,'How do I become a  Millwrights',302,NULL,5023),(639744,'How do I become a  Small Engine Mechanics',303,NULL,5023),(639754,'How do I become a  Telecommunications Equipment Installers and Repairers Except Line Installers',304,NULL,5023),(639764,'How do I become a  Assemblers and Fabricators',305,NULL,5023),(639774,'How do I become a  Bakers',306,NULL,5023),(639784,'How do I become a  Dental Laboratory Technicians',307,NULL,5023),(639794,'How do I become a  Food Processing Occupations',308,NULL,5023),(639804,'How do I become a  Food Processing Operators',309,NULL,5023),(639814,'How do I become a  Jewelers and Precious Stone and Metal Workers',310,NULL,5023),(639824,'How do I become a  Laundry and Dry-cleaning Workers',311,NULL,5023),(639834,'How do I become a  Machinists and Tool and Die Makers',312,NULL,5023),(639844,'How do I become a  Medical Appliance Technicians',313,NULL,5023),(639854,'How do I become a  Metal and Plastic Machine Workers',314,NULL,5023),(639864,'How do I become a  Ophthalmic Laboratory Technicians',315,NULL,5023),(639874,'How do I become a  Painting and Coating Workers',316,NULL,5023),(639884,'How do I become a  Power Plant Operators, Distributors, and Dispatchers',317,NULL,5023),(639894,'How do I become a  Printing Workers',318,NULL,5023),(639904,'How do I become a  Quality Control Inspectors',319,NULL,5023),(639914,'How do I become a  Semiconductor Processors',320,NULL,5023),(639924,'How do I become a  Sewers and Tailors',321,NULL,5023),(639934,'How do I become a  Slaughterers and Meat Packers',322,NULL,5023),(639944,'How do I become a  Stationary Engineers and Boiler Operators',323,NULL,5023),(639954,'How do I become a  Upholsterers',324,NULL,5023),(639964,'How do I become a  Water and Wastewater Treatment Plant and System Operators',325,NULL,5023),(639974,'How do I become a  Welders, Cutters, Solderers, and Brazers',326,NULL,5023),(639984,'How do I become a  Woodworkers',327,NULL,5023),(639994,'How do I become a  Airline and Commercial Pilots',328,NULL,5023),(640004,'How do I become a  Air Traffic Controllers',329,NULL,5023),(640014,'How do I become a  Bus Drivers',330,NULL,5023),(640024,'How do I become a  Delivery Truck Drivers and Driver/Sales Workers',331,NULL,5023),(640034,'How do I become a  Flight Attendants',332,NULL,5023),(640044,'How do I become a  Hand Laborers and Material Movers',333,NULL,5023),(640054,'How do I become a  Heavy and Tractor-trailer Truck Drivers',334,NULL,5023),(640064,'How do I become a  Material Moving Machine Operators',335,NULL,5023),(640074,'How do I become a  Railroad Conductors and Yardmasters',336,NULL,5023),(640084,'How do I become a  Subway and Streetcar Operators',337,NULL,5023),(640094,'How do I become a  Taxi Drivers and Chauffeurs',338,NULL,5023),(640104,'How do I become a  Train Engineers and Operators',339,NULL,5023),(640114,'How do I become a  Water Transportation Occupations',340,NULL,5023);
/*!40000 ALTER TABLE `faq_question` ENABLE KEYS */;
UNLOCK TABLES;

--
-- Table structure for table `faq_questionassignment`
--

DROP TABLE IF EXISTS `faq_questionassignment`;
/*!40101 SET @saved_cs_client     = @@character_set_client */;
/*!40101 SET character_set_client = utf8 */;
CREATE TABLE `faq_questionassignment` (
  `ID` int(11) NOT NULL AUTO_INCREMENT COMMENT 'it should be removed and the foreign keys should become the primary key; or we should add the unique value to the foreign keys couple',
  `IsAnswered` tinyint(1) NOT NULL DEFAULT '0' COMMENT 'we should delete this information, it is implied in the table faq_response by the fields FAQ_ResponseSourceId and FAQ_QuestionId',
  `IsRead` tinyint(1) NOT NULL DEFAULT '0',
  `IsDuplicated` tinyint(1) NOT NULL DEFAULT '0',
  `IsCensured` tinyint(1) NOT NULL DEFAULT '0',
  `IsExpunged` tinyint(1) NOT NULL DEFAULT '0',
  `FAQ_ExpertID` int(11) NOT NULL,
  `FAQ_QuestionID` int(11) NOT NULL,
  PRIMARY KEY (`ID`),
  KEY `IX_FAQ_QuestionID` (`FAQ_QuestionID`),
  KEY `FAQ_ExpertID` (`FAQ_ExpertID`)
) ENGINE=InnoDB AUTO_INCREMENT=3 DEFAULT CHARSET=utf8;
/*!40101 SET character_set_client = @saved_cs_client */;

--
-- Dumping data for table `faq_questionassignment`
--

LOCK TABLES `faq_questionassignment` WRITE;
/*!40000 ALTER TABLE `faq_questionassignment` DISABLE KEYS */;
INSERT INTO `faq_questionassignment` VALUES (1,0,1,1,0,0,5023,636724),(2,0,0,0,0,0,5023,636725);
/*!40000 ALTER TABLE `faq_questionassignment` ENABLE KEYS */;
UNLOCK TABLES;

--
-- Table structure for table `faq_questionsource`
--

DROP TABLE IF EXISTS `faq_questionsource`;
/*!40101 SET @saved_cs_client     = @@character_set_client */;
/*!40101 SET character_set_client = utf8 */;
CREATE TABLE `faq_questionsource` (
  `Id` int(11) NOT NULL AUTO_INCREMENT,
  `Name` varchar(400) NOT NULL,
  `Email` varchar(128) DEFAULT NULL,
  PRIMARY KEY (`Id`)
) ENGINE=InnoDB AUTO_INCREMENT=5024 DEFAULT CHARSET=utf8;
/*!40101 SET character_set_client = @saved_cs_client */;

--
-- Dumping data for table `faq_questionsource`
--

LOCK TABLES `faq_questionsource` WRITE;
/*!40000 ALTER TABLE `faq_questionsource` DISABLE KEYS */;
INSERT INTO `faq_questionsource` VALUES (5023,'Joey Blow','example@domain.com');
/*!40000 ALTER TABLE `faq_questionsource` ENABLE KEYS */;
UNLOCK TABLES;

--
-- Table structure for table `faq_response`
--

DROP TABLE IF EXISTS `faq_response`;
/*!40101 SET @saved_cs_client     = @@character_set_client */;
/*!40101 SET character_set_client = utf8 */;
CREATE TABLE `faq_response` (
  `Id` int(11) NOT NULL AUTO_INCREMENT,
  `Text` longtext NOT NULL,
  `DateCreated` datetime DEFAULT NULL,
  `FAQ_ExpertId` int(11) NOT NULL,
  `FAQ_QuestionId` int(11) NOT NULL,
  PRIMARY KEY (`Id`),
  KEY `FAQ_QuestionId` (`FAQ_QuestionId`),
  KEY `IX_FAQ_ExpertId` (`FAQ_ExpertId`)
) ENGINE=InnoDB AUTO_INCREMENT=636891 DEFAULT CHARSET=utf8;
/*!40101 SET character_set_client = @saved_cs_client */;

--
-- Dumping data for table `faq_response`
--

LOCK TABLES `faq_response` WRITE;
/*!40000 ALTER TABLE `faq_response` DISABLE KEYS */;
INSERT INTO `faq_response` VALUES (633491,'Unknown',NULL,5023,636724),(633492,'Unknown',NULL,5023,636725),(633493,'Unknown',NULL,5023,636726),(633494,'Unknown',NULL,5023,636727),(633495,'Unknown',NULL,5023,636728),(633496,'Unknown',NULL,5023,636729),(633497,'Unknown',NULL,5023,636730),(633498,'Unknown',NULL,5023,636731),(633499,'Unknown',NULL,5023,636732),(633500,'Unknown',NULL,5023,636733),(633501,'Unknown',NULL,5023,636734),(633511,'Unknown',NULL,5023,636744),(633521,'Unknown',NULL,5023,636754),(633531,'Unknown',NULL,5023,636764),(633541,'Unknown',NULL,5023,636774),(633551,'Unknown',NULL,5023,636784),(633561,'Unknown',NULL,5023,636794),(633571,'Unknown',NULL,5023,636804),(633581,'Unknown',NULL,5023,636814),(633591,'Unknown',NULL,5023,636824),(633601,'Unknown',NULL,5023,636834),(633611,'Unknown',NULL,5023,636844),(633621,'Unknown',NULL,5023,636854),(633631,'Unknown',NULL,5023,636864),(633641,'Unknown',NULL,5023,636874),(633651,'Unknown',NULL,5023,636884),(633661,'Unknown',NULL,5023,636894),(633671,'Unknown',NULL,5023,636904),(633681,'Unknown',NULL,5023,636914),(633691,'Unknown',NULL,5023,636924),(633701,'Unknown',NULL,5023,636934),(633711,'Unknown',NULL,5023,636944),(633721,'Unknown',NULL,5023,636954),(633731,'Unknown',NULL,5023,636964),(633741,'Unknown',NULL,5023,636974),(633751,'Unknown',NULL,5023,636984),(633761,'Unknown',NULL,5023,636994),(633771,'Unknown',NULL,5023,637004),(633781,'Unknown',NULL,5023,637014),(633791,'Unknown',NULL,5023,637024),(633801,'Unknown',NULL,5023,637034),(633811,'Unknown',NULL,5023,637044),(633821,'Unknown',NULL,5023,637054),(633831,'Unknown',NULL,5023,637064),(633841,'Unknown',NULL,5023,637074),(633851,'Unknown',NULL,5023,637084),(633861,'Unknown',NULL,5023,637094),(633871,'Unknown',NULL,5023,637104),(633881,'Unknown',NULL,5023,637114),(633891,'Unknown',NULL,5023,637124),(633901,'Unknown',NULL,5023,637134),(633911,'Unknown',NULL,5023,637144),(633921,'Unknown',NULL,5023,637154),(633931,'Unknown',NULL,5023,637164),(633941,'Unknown',NULL,5023,637174),(633951,'Unknown',NULL,5023,637184),(633961,'Unknown',NULL,5023,637194),(633971,'Unknown',NULL,5023,637204),(633981,'Unknown',NULL,5023,637214),(633991,'Unknown',NULL,5023,637224),(634001,'Unknown',NULL,5023,637234),(634011,'Unknown',NULL,5023,637244),(634021,'Unknown',NULL,5023,637254),(634031,'Unknown',NULL,5023,637264),(634041,'Unknown',NULL,5023,637274),(634051,'Unknown',NULL,5023,637284),(634061,'Unknown',NULL,5023,637294),(634071,'Unknown',NULL,5023,637304),(634081,'Unknown',NULL,5023,637314),(634091,'Unknown',NULL,5023,637324),(634101,'Unknown',NULL,5023,637334),(634111,'Unknown',NULL,5023,637344),(634121,'Unknown',NULL,5023,637354),(634131,'Unknown',NULL,5023,637364),(634141,'Unknown',NULL,5023,637374),(634151,'Unknown',NULL,5023,637384),(634161,'Unknown',NULL,5023,637394),(634171,'Unknown',NULL,5023,637404),(634181,'Unknown',NULL,5023,637414),(634191,'Unknown',NULL,5023,637424),(634201,'Unknown',NULL,5023,637434),(634211,'Unknown',NULL,5023,637444),(634221,'Unknown',NULL,5023,637454),(634231,'Unknown',NULL,5023,637464),(634241,'Unknown',NULL,5023,637474),(634251,'Unknown',NULL,5023,637484),(634261,'Unknown',NULL,5023,637494),(634271,'Unknown',NULL,5023,637504),(634281,'Unknown',NULL,5023,637514),(634291,'Unknown',NULL,5023,637524),(634301,'Unknown',NULL,5023,637534),(634311,'Unknown',NULL,5023,637544),(634321,'Unknown',NULL,5023,637554),(634331,'Unknown',NULL,5023,637564),(634341,'Unknown',NULL,5023,637574),(634351,'Unknown',NULL,5023,637584),(634361,'Unknown',NULL,5023,637594),(634371,'Unknown',NULL,5023,637604),(634381,'Unknown',NULL,5023,637614),(634391,'Unknown',NULL,5023,637624),(634401,'Unknown',NULL,5023,637634),(634411,'Unknown',NULL,5023,637644),(634421,'Unknown',NULL,5023,637654),(634431,'Unknown',NULL,5023,637664),(634441,'Unknown',NULL,5023,637674),(634451,'Unknown',NULL,5023,637684),(634461,'Unknown',NULL,5023,637694),(634471,'Unknown',NULL,5023,637704),(634481,'Unknown',NULL,5023,637714),(634491,'Unknown',NULL,5023,637724),(634501,'Unknown',NULL,5023,637734),(634511,'Unknown',NULL,5023,637744),(634521,'Unknown',NULL,5023,637754),(634531,'Unknown',NULL,5023,637764),(634541,'Unknown',NULL,5023,637774),(634551,'Unknown',NULL,5023,637784),(634561,'Unknown',NULL,5023,637794),(634571,'Unknown',NULL,5023,637804),(634581,'Unknown',NULL,5023,637814),(634591,'Unknown',NULL,5023,637824),(634601,'Unknown',NULL,5023,637834),(634611,'Unknown',NULL,5023,637844),(634621,'Unknown',NULL,5023,637854),(634631,'Unknown',NULL,5023,637864),(634641,'Unknown',NULL,5023,637874),(634651,'Unknown',NULL,5023,637884),(634661,'Unknown',NULL,5023,637894),(634671,'Unknown',NULL,5023,637904),(634681,'Unknown',NULL,5023,637914),(634691,'Unknown',NULL,5023,637924),(634701,'Unknown',NULL,5023,637934),(634711,'Unknown',NULL,5023,637944),(634721,'Unknown',NULL,5023,637954),(634731,'Unknown',NULL,5023,637964),(634741,'Unknown',NULL,5023,637974),(634751,'Unknown',NULL,5023,637984),(634761,'Unknown',NULL,5023,637994),(634771,'Unknown',NULL,5023,638004),(634781,'Unknown',NULL,5023,638014),(634791,'Unknown',NULL,5023,638024),(634801,'Unknown',NULL,5023,638034),(634811,'Unknown',NULL,5023,638044),(634821,'Unknown',NULL,5023,638054),(634831,'Unknown',NULL,5023,638064),(634841,'Unknown',NULL,5023,638074),(634851,'Unknown',NULL,5023,638084),(634861,'Unknown',NULL,5023,638094),(634871,'Unknown',NULL,5023,638104),(634881,'Unknown',NULL,5023,638114),(634891,'Unknown',NULL,5023,638124),(634901,'Unknown',NULL,5023,638134),(634911,'Unknown',NULL,5023,638144),(634921,'Unknown',NULL,5023,638154),(634931,'Unknown',NULL,5023,638164),(634941,'Unknown',NULL,5023,638174),(634951,'Unknown',NULL,5023,638184),(634961,'Unknown',NULL,5023,638194),(634971,'Unknown',NULL,5023,638204),(634981,'Unknown',NULL,5023,638214),(634991,'Unknown',NULL,5023,638224),(635001,'Unknown',NULL,5023,638234),(635011,'Unknown',NULL,5023,638244),(635021,'Unknown',NULL,5023,638254),(635031,'Unknown',NULL,5023,638264),(635041,'Unknown',NULL,5023,638274),(635051,'Unknown',NULL,5023,638284),(635061,'Unknown',NULL,5023,638294),(635071,'Unknown',NULL,5023,638304),(635081,'Unknown',NULL,5023,638314),(635091,'Unknown',NULL,5023,638324),(635101,'Unknown',NULL,5023,638334),(635111,'Unknown',NULL,5023,638344),(635121,'Unknown',NULL,5023,638354),(635131,'Unknown',NULL,5023,638364),(635141,'Unknown',NULL,5023,638374),(635151,'Unknown',NULL,5023,638384),(635161,'Unknown',NULL,5023,638394),(635171,'Unknown',NULL,5023,638404),(635181,'Unknown',NULL,5023,638414),(635191,'For anyone that is interested in any of these professions, they will have to research community colleges, trade schools, and 4 year schools in their area. Depending on the program, some may take only 18 – 24 months, while other will require 4 years for completion. The best advice is to speak with advisors and representatives at colleges to see if they offer these programs and find out about the admission process. Some programs, such as Respiratory therapy and RN, may require a student to pass an exam and apply for the program after they complete prerequisites.',NULL,5023,638424),(635201,'Unknown',NULL,5023,638434),(635211,'Unknown',NULL,5023,638444),(635221,'Unknown',NULL,5023,638454),(635231,'Unknown',NULL,5023,638464),(635241,'Depending on the choices, most require an employee to complete a degree program and obtain practicum through clinicals and internships. I would suggest speaking with a current professional, especially since the global economy changed the nature of many of these careers. For an example, biotechnology will be incorporated in healthcare careers. http://www.bls.gov/ooh/ is a great website that provides basic information about the growth of industries, how to enter the field, degree requirement, and potential work environment. Also, almost every field has national and international associations where they can network with professionals in their chosen field so they can educate an interested about how to enter the field of their choice.',NULL,5023,638474),(635251,'Unknown',NULL,5023,638484),(635261,'Depends on the employer and the location of the job. Northeast and Midwest has a stronger union presence than the south. Also, public institutions will more likely require employees to join unions.',NULL,5023,638494),(635271,'Unknown',NULL,5023,638504),(635281,'Unknown',NULL,5023,638514),(635291,'Unknown',NULL,5023,638524),(635301,'Unknown',NULL,5023,638534),(635311,'Unknown',NULL,5023,638544),(635321,'Unknown',NULL,5023,638554),(635331,'Unknown',NULL,5023,638564),(635341,'Unknown',NULL,5023,638574),(635351,'Unknown',NULL,5023,638584),(635361,'Unknown',NULL,5023,638594),(635371,'Unknown',NULL,5023,638604),(635381,'Unknown',NULL,5023,638614),(635391,'Unknown',NULL,5023,638624),(635401,'Unknown',NULL,5023,638634),(635411,'Unknown',NULL,5023,638644),(635421,'Depends on the occupation. The most important skills are communication/writing skills, math/science in the health care field, critical thinking, customer service, teamwork, the ability to work independently, and computer skills. An interested candidate must attend post-secondary institutions to develop most of these skills.',NULL,5023,638654),(635431,'Unknown',NULL,5023,638664),(635441,'Unknown',NULL,5023,638674),(635451,'Contact school counselors about how immigration status will impact eligibility to attend post-secondary institutions and trade schools. Also, contact occupation boards, such as nursing and respiratory therapy to determine how immigration status impacts eligibility to receive licenses/certifications.',NULL,5023,638684),(635461,'Unknown',NULL,5023,638694),(635471,'Unknown',NULL,5023,638704),(635481,'Unknown',NULL,5023,638714),(635491,'Unknown',NULL,5023,638724),(635501,'Unknown',NULL,5023,638734),(635511,'Unknown',NULL,5023,638744),(635521,'Unknown',NULL,5023,638754),(635531,'Unknown',NULL,5023,638764),(635541,'Unknown',NULL,5023,638774),(635551,'Most hiring places are in larger/public institutions. Private institutions require fewer workers, therefore, interested candidates will have to pursue more creative networking strategies, such as attending social events, connecting with them on social networks, and attending conferences to meet with professionals with private practices and market their skills. The job market is about whom you know, so connecting with professionals on a social level will increase an applicant’s chance of obtaining employment. ',NULL,5023,638784),(635561,'Unknown',NULL,5023,638794),(635571,'Unknown',NULL,5023,638804),(635581,'Unknown',NULL,5023,638814),(635591,'Unknown',NULL,5023,638824),(635601,'Unknown',NULL,5023,638834),(635611,'Unknown',NULL,5023,638844),(635621,'Unknown',NULL,5023,638854),(635631,'Unknown',NULL,5023,638864),(635641,'Unknown',NULL,5023,638874),(635651,'Unknown',NULL,5023,638884),(635661,'Unknown',NULL,5023,638894),(635671,'Unknown',NULL,5023,638904),(635681,'Unknown',NULL,5023,638914),(635691,'Unknown',NULL,5023,638924),(635701,'Unknown',NULL,5023,638934),(635711,'Unknown',NULL,5023,638944),(635721,'Unknown',NULL,5023,638954),(635731,'Unknown',NULL,5023,638964),(635741,'Unknown',NULL,5023,638974),(635751,'Unknown',NULL,5023,638984),(635761,'Unknown',NULL,5023,638994),(635771,'Unknown',NULL,5023,639004),(635781,'Unknown',NULL,5023,639014),(635791,'Unknown',NULL,5023,639024),(635801,'Unknown',NULL,5023,639034),(635811,'Unknown',NULL,5023,639044),(635821,'Unknown',NULL,5023,639054),(635831,'Unknown',NULL,5023,639064),(635841,'Unknown',NULL,5023,639074),(635851,'Unknown',NULL,5023,639084),(635861,'Unknown',NULL,5023,639094),(635871,'Unknown',NULL,5023,639104),(635881,'Unknown',NULL,5023,639114),(635891,'Unknown',NULL,5023,639124),(635901,'Unknown',NULL,5023,639134),(635911,'Unknown',NULL,5023,639144),(635921,'Unknown',NULL,5023,639154),(635931,'Unknown',NULL,5023,639164),(635941,'Unknown',NULL,5023,639174),(635951,'Unknown',NULL,5023,639184),(635961,'Unknown',NULL,5023,639194),(635971,'Unknown',NULL,5023,639204),(635981,'Unknown',NULL,5023,639214),(635991,'Unknown',NULL,5023,639224),(636001,'Unknown',NULL,5023,639234),(636011,'Unknown',NULL,5023,639244),(636021,'Unknown',NULL,5023,639254),(636031,'Unknown',NULL,5023,639264),(636041,'Unknown',NULL,5023,639274),(636051,'Unknown',NULL,5023,639284),(636061,'Unknown',NULL,5023,639294),(636071,'Unknown',NULL,5023,639304),(636081,'Unknown',NULL,5023,639314),(636091,'Unknown',NULL,5023,639324),(636101,'Unknown',NULL,5023,639334),(636111,'Unknown',NULL,5023,639344),(636121,'Unknown',NULL,5023,639354),(636131,'Unknown',NULL,5023,639364),(636141,'Unknown',NULL,5023,639374),(636151,'Unknown',NULL,5023,639384),(636161,'Unknown',NULL,5023,639394),(636171,'Unknown',NULL,5023,639404),(636181,'Unknown',NULL,5023,639414),(636191,'Unknown',NULL,5023,639424),(636201,'Unknown',NULL,5023,639434),(636211,'Unknown',NULL,5023,639444),(636221,'Unknown',NULL,5023,639454),(636231,'Unknown',NULL,5023,639464),(636241,'Unknown',NULL,5023,639474),(636251,'Unknown',NULL,5023,639484),(636261,'Unknown',NULL,5023,639494),(636271,'Unknown',NULL,5023,639504),(636281,'Unknown',NULL,5023,639514),(636291,'Unknown',NULL,5023,639524),(636301,'Unknown',NULL,5023,639534),(636311,'Unknown',NULL,5023,639544),(636321,'Unknown',NULL,5023,639554),(636331,'Unknown',NULL,5023,639564),(636341,'Unknown',NULL,5023,639574),(636351,'Unknown',NULL,5023,639584),(636361,'Unknown',NULL,5023,639594),(636371,'Unknown',NULL,5023,639604),(636381,'Unknown',NULL,5023,639614),(636391,'Unknown',NULL,5023,639624),(636401,'Unknown',NULL,5023,639634),(636411,'Unknown',NULL,5023,639644),(636421,'Unknown',NULL,5023,639654),(636431,'Unknown',NULL,5023,639664),(636441,'Unknown',NULL,5023,639674),(636451,'Unknown',NULL,5023,639684),(636461,'Unknown',NULL,5023,639694),(636471,'Unknown',NULL,5023,639704),(636481,'Unknown',NULL,5023,639714),(636491,'As stated earlier, obtaining employment is about “who you know”. Research and become members of national organizations, which provides benefits such as discounts for workshops/conferences, social events, newsletters, and certifications. Most organizations allow members to participate in committees so they can become actively involve with these organizations and network with other members. Interested candidates should reach out to professionals and program departments at their school to ask about internship and job shadowing opportunities. They should, also, volunteer in community programs that relates to the field of their choice. Interested candidates should contact their inner circles, such as close friends, relatives, or mentors that are already in the field to determine hiring possibilities. Networking should start at an early stage of the career transition process.',NULL,5023,639724),(636501,'Unknown',NULL,5023,639734),(636511,'Unknown',NULL,5023,639744),(636521,'Unknown',NULL,5023,639754),(636531,'Unknown',NULL,5023,639764),(636541,'Unknown',NULL,5023,639774),(636551,'Unknown',NULL,5023,639784),(636561,'Unknown',NULL,5023,639794),(636571,'Unknown',NULL,5023,639804),(636581,'Unknown',NULL,5023,639814),(636591,'Unknown',NULL,5023,639824),(636601,'Unknown',NULL,5023,639834),(636611,'Unknown',NULL,5023,639844),(636621,'Unknown',NULL,5023,639854),(636631,'Unknown',NULL,5023,639864),(636641,'Unknown',NULL,5023,639874),(636651,'Unknown',NULL,5023,639884),(636661,'Unknown',NULL,5023,639894),(636671,'Unknown',NULL,5023,639904),(636681,'Unknown',NULL,5023,639914),(636691,'Unknown',NULL,5023,639924),(636701,'Unknown',NULL,5023,639934),(636711,'Unknown',NULL,5023,639944),(636721,'Unknown',NULL,5023,639954),(636731,'Unknown',NULL,5023,639964),(636741,'Unknown',NULL,5023,639974),(636751,'Unknown',NULL,5023,639984),(636761,'Unknown',NULL,5023,639994),(636771,'Unknown',NULL,5023,640004),(636781,'Unknown',NULL,5023,640014),(636791,'Unknown',NULL,5023,640024),(636801,'Unknown',NULL,5023,640034),(636811,'Unknown',NULL,5023,640044),(636821,'Unknown',NULL,5023,640054),(636831,'Unknown',NULL,5023,640064),(636841,'Unknown',NULL,5023,640074),(636851,'Unknown',NULL,5023,640084),(636861,'Unknown',NULL,5023,640094),(636871,'Unknown',NULL,5023,640104),(636881,'Unknown',NULL,5023,640114);
/*!40000 ALTER TABLE `faq_response` ENABLE KEYS */;
UNLOCK TABLES;

--
-- Table structure for table `faq_responserating`
--

DROP TABLE IF EXISTS `faq_responserating`;
/*!40101 SET @saved_cs_client     = @@character_set_client */;
/*!40101 SET character_set_client = utf8 */;
CREATE TABLE `faq_responserating` (
  `FAQ_ResponseId` int(11) NOT NULL,
  `FAQ_ExpertId` int(11) NOT NULL,
  PRIMARY KEY (`FAQ_ResponseId`,`FAQ_ExpertId`),
  KEY `FAQ_ResponseId` (`FAQ_ResponseId`),
  KEY `FAQ_ExpertId` (`FAQ_ExpertId`)
) ENGINE=InnoDB DEFAULT CHARSET=utf8;
/*!40101 SET character_set_client = @saved_cs_client */;

--
-- Dumping data for table `faq_responserating`
--

LOCK TABLES `faq_responserating` WRITE;
/*!40000 ALTER TABLE `faq_responserating` DISABLE KEYS */;
INSERT INTO `faq_responserating` VALUES (633491,5023);
/*!40000 ALTER TABLE `faq_responserating` ENABLE KEYS */;
UNLOCK TABLES;

--
-- Table structure for table `filters`
--

DROP TABLE IF EXISTS `filters`;
/*!40101 SET @saved_cs_client     = @@character_set_client */;
/*!40101 SET character_set_client = utf8 */;
CREATE TABLE `filters` (
  `Id` int(11) NOT NULL AUTO_INCREMENT,
  `Category` longtext,
  `Name` longtext,
  `Quantity` int(11) NOT NULL,
  `Order` int(11) NOT NULL,
  `FilterId` int(11) NOT NULL,
  PRIMARY KEY (`Id`)
) ENGINE=InnoDB AUTO_INCREMENT=37 DEFAULT CHARSET=latin1;
/*!40101 SET character_set_client = @saved_cs_client */;

--
-- Dumping data for table `filters`
--

LOCK TABLES `filters` WRITE;
/*!40000 ALTER TABLE `filters` DISABLE KEYS */;
INSERT INTO `filters` VALUES (1,'Education','Less than high school',26,1,1),(2,'Education','High school',99,1,2),(3,'Education','Some college, no degree',3,1,3),(4,'Education','Associate\'s degree',31,1,4),(5,'Education','Bachelor\'s degree',98,1,5),(6,'Education','Master\'s degree',20,1,6),(7,'Education','Doctoral or professional degree',15,1,7),(8,'Education','Post Secondary, Non Degree Award',18,1,8),(9,'Education','Typical level of education that most workers need to enter this occupation.',30,1,9),(10,'Work Experience','1 to 5 Years',29,2,1),(11,'Work Experience','Less than 1 Year',3,2,2),(12,'Work Experience','More than 5 Years',9,2,3),(13,'Work Experience','Work experience that is commonly considered necessary by employers, or is a commonly accepted substitute for more formal types of training or education',15,2,4),(14,'Work Experience','None',284,2,5),(15,'Industry','Management Occupations',26,3,1),(16,'Industry','Business and Financial Operations Occupations',16,3,2),(17,'Industry','Computer and Mathematical Occupations',12,3,3),(18,'Industry','Architecture and Engineering Occupations',29,3,4),(19,'Industry','Life, Physical, and Social Science Occupations',30,3,5),(20,'Industry','Community and Social Service Occupations',8,3,6),(21,'Industry','Legal Occupations',4,3,7),(22,'Industry','Education, Training, and Library Occupations',15,3,8),(23,'Industry','Arts, Design, Entertainment, Sports, and Media Occupations',26,3,9),(24,'Industry','Healthcare Practitioners and Technical Occupations',35,3,10),(25,'Industry','Healthcare Support Occupations',9,3,11),(26,'Industry','Protective Service Occupations',6,3,12),(27,'Industry','Food Preparation and Serving Related Occupations',6,3,13),(28,'Industry','Building and Grounds Cleaning and Maintenance Occupations',4,3,14),(29,'Industry','Personal Care and Service Occupations',8,3,15),(30,'Industry','Sales and Related Occupations',11,3,16),(31,'Industry','Office and Administrative Support Occupations',15,3,17),(32,'Industry','Farming, Fishing, and Forestry Occupations',4,3,18),(33,'Industry','Construction and Extraction Occupations',23,3,19),(34,'Industry','Installation, Maintenance, and Repair Occupations',17,3,20),(35,'Industry','Production Occupations',23,3,21),(36,'Industry','Transportation and Material Moving Occupations',13,3,22);
/*!40000 ALTER TABLE `filters` ENABLE KEYS */;
UNLOCK TABLES;

--
-- Table structure for table `growthscores`
--

DROP TABLE IF EXISTS `growthscores`;
/*!40101 SET @saved_cs_client     = @@character_set_client */;
/*!40101 SET character_set_client = utf8 */;
CREATE TABLE `growthscores` (
  `Id` int(11) NOT NULL AUTO_INCREMENT,
  `Name` longtext,
  `Score` decimal(18,2) NOT NULL,
  PRIMARY KEY (`Id`)
) ENGINE=InnoDB AUTO_INCREMENT=341 DEFAULT CHARSET=latin1;
/*!40101 SET character_set_client = @saved_cs_client */;

--
-- Dumping data for table `growthscores`
--

LOCK TABLES `growthscores` WRITE;
/*!40000 ALTER TABLE `growthscores` DISABLE KEYS */;
INSERT INTO `growthscores` VALUES (1,'Accountants and Auditors',3.22),(2,'Actors',0.17),(3,'Actuaries',0.17),(4,'Administrative Services Managers',1.07),(5,'Adult Literacy and GED Teachers',0.18),(6,'Advertising Sales Agents',0.57),(7,'Advertising, Promotions, and Marketing Managers',0.21),(8,'Aerospace Engineering and Operations Technicians',0.01),(9,'Aerospace Engineers',0.00),(10,'Agricultural and Food Science Technicians',0.01),(11,'Agricultural and Food Scientists',0.00),(12,'Agricultural Engineers',0.00),(13,'Agricultural Workers',0.00),(14,'Air Traffic Controllers',0.06),(15,'Aircraft and Avionics Equipment Mechanics and Technicians',0.00),(16,'Airline and Commercial Pilots',0.24),(17,'Animal Care and Service Workers',0.01),(18,'Announcers',0.03),(19,'Anthropologists and Archeologists',0.00),(20,'Appraisers and Assessors of Real Estate',0.06),(21,'Architects',0.32),(22,'Architectural and Engineering Managers',0.19),(23,'Archivists',0.02),(24,'Art Directors',0.30),(25,'Assemblers and Fabricators',0.01),(26,'Athletes and Sports Competitors',0.00),(27,'Athletic Trainers',0.03),(28,'Atmospheric Scientists, Including Meteorologists',0.00),(29,'Audiologists',0.02),(30,'Automotive Body and Glass Repairers',0.17),(31,'Automotive Service Technicians and Mechanics',1.05),(32,'Bakers',0.15),(33,'Barbers, Hairdressers, and Cosmetologists',0.03),(34,'Bartenders',0.51),(35,'Bill and Account Collectors',0.42),(36,'Biochemists and Biophysicists',0.08),(37,'Biological Technicians',0.08),(38,'Biomedical Engineers',0.03),(39,'Boilermakers',0.04),(40,'Bookkeeping, Accounting, and Auditing Clerks',1.63),(41,'Brickmasons, Blockmasons, and Stonemasons',0.37),(42,'Broadcast and Sound Engineering Technicians',0.19),(43,'Budget Analysts',0.05),(44,'Bus Drivers',0.57),(45,'Cardiovascular Technologists and Technicians and Vascular Technologists',0.08),(46,'Career and Technical Education Teachers',0.01),(47,'Cargo and Freight Agents',0.15),(48,'Carpenters',2.11),(49,'Carpet Installers',0.04),(50,'Cartographers and Photogrammetrists',0.01),(51,'Cashiers',3.90),(52,'Cement Masons and Terrazzo Workers',0.16),(53,'Chefs and Head Cooks',0.13),(54,'Chemical Engineers',0.01),(55,'Chemical Technicians',0.02),(56,'Chemists and Materials Scientists',0.03),(57,'Childcare Workers',3.06),(58,'Chiropractors',0.09),(59,'Civil Engineering Technicians',0.05),(60,'Civil Engineers',0.29),(61,'Claims Adjusters, Appraisers, Examiners, and Investigators',0.21),(62,'Coaches and Scouts',0.27),(63,'Compensation and Benefits Managers',0.04),(64,'Computer and Information Research Scientists',0.03),(65,'Computer and Information Systems Managers',1.14),(66,'Computer Hardware Engineers',0.05),(67,'Computer Programmers',0.80),(68,'Computer Support Specialists',0.99),(69,'Computer Systems Analysts',1.09),(70,'Computer, ATM, and Office Machine Repairers',0.16),(71,'Conservation Scientists and Foresters',0.01),(72,'Construction and Building Inspectors',0.24),(73,'Construction Equipment Operators',0.06),(74,'Construction Laborers and Helpers',0.82),(75,'Construction Managers',0.62),(76,'Cooks',0.07),(77,'Correctional Officers',0.05),(78,'Cost Estimators',0.49),(79,'Couriers and Messengers',0.11),(80,'Court Reporters',0.00),(81,'Craft and Fine Artists',0.02),(82,'Curators, Museum Technicians, and Conservators',0.04),(83,'Customer Service Representatives',2.85),(84,'Dancers and Choreographers',0.00),(85,'Database Administrators',0.27),(86,'Delivery Truck Drivers and Driver/Sales Workers',0.25),(87,'Demonstrators and Product Promoters',0.06),(88,'Dental Assistants',0.45),(89,'Dental Hygienists',0.45),(90,'Dental Laboratory Technicians',0.05),(91,'Dentists',0.51),(92,'Desktop Publishers',0.00),(93,'Diagnostic Medical Sonographers',0.18),(94,'Diesel Service Technicians and Mechanics',0.26),(95,'Dietitians and Nutritionists',0.17),(96,'Drafters',0.08),(97,'Drywall and Ceiling Tile Installers, and Tapers',0.13),(98,'Economists',0.01),(99,'Editors',0.26),(100,'Electrical and Electronic Engineering Technicians',0.08),(101,'Electrical and Electronics Engineers',0.17),(102,'Electrical and Electronics Installers and Repairers',0.01),(103,'Electricians',1.51),(104,'Electro-mechanical Technicians',0.01),(105,'Elementary, Middle, and High School Principals',0.35),(106,'Elevator Installers and Repairers',0.14),(107,'EMTs and Paramedics',0.40),(108,'Environmental Engineering Technicians',0.02),(109,'Environmental Engineers',0.07),(110,'Environmental Science and Protection Technicians',0.06),(111,'Environmental Scientists and Specialists',0.06),(112,'Epidemiologists',0.00),(113,'Farmers, Ranchers, and Other Agricultural Managers',0.52),(114,'Fashion Designers',0.00),(115,'Film and Video Editors and Camera Operators',0.02),(116,'Financial Analysts',1.60),(117,'Financial Clerks',0.67),(118,'Financial Examiners',0.11),(119,'Financial Managers',1.64),(120,'Fire Inspectors and Investigators',0.02),(121,'Firefighters',0.46),(122,'Fishers and Related Fishing Workers',0.00),(123,'Fitness Trainers and Instructors',0.43),(124,'Flight Attendants',0.07),(125,'Floral Designers',0.02),(126,'Food and Beverage Serving and Related Workers',2.28),(127,'Food Preparation Workers',1.13),(128,'Food Processing Occupations',0.14),(129,'Food Processing Operators',0.06),(130,'Food Service Managers',0.13),(131,'Forensic Science Technicians',0.02),(132,'Forest and Conservation Technicians',0.00),(133,'Forest and Conservation Workers',0.00),(134,'Funeral Directors',0.09),(135,'Gaming Services Occupations',0.00),(136,'General Maintenance and Repair Workers',2.08),(137,'General Office Clerks',2.70),(138,'Geographers',0.00),(139,'Geological and Petroleum Technicians',0.01),(140,'Geoscientists',0.03),(141,'Glaziers',0.14),(142,'Graphic Designers',0.50),(143,'Grounds Maintenance Workers',0.18),(144,'Hand Laborers and Material Movers',0.31),(145,'Hazardous Materials Removal Workers',0.16),(146,'Health and Safety Engineers',0.03),(147,'Health Educators',0.20),(148,'Heating, Air Conditioning, and Refrigeration Mechanics and Installers',0.41),(149,'Heavy and Tractor-trailer Truck Drivers',1.23),(150,'Heavy Vehicle and Mobile Equipment Service Technicians',0.02),(151,'High School Teachers',1.23),(152,'Historians',0.01),(153,'Home Appliance Repairers',0.03),(154,'Home Entertainment Equipment Installers and Repairers',0.02),(155,'Home Health and Personal Care Aides',3.43),(156,'Human Resources Managers',0.23),(157,'Human Resources Specialists',0.00),(158,'Hydrologists',0.00),(159,'Industrial Designers',0.09),(160,'Industrial Engineering Technicians',0.02),(161,'Industrial Engineers',0.04),(162,'Industrial Machinery Mechanics and Maintenance Workers',0.31),(163,'Industrial Production Managers',0.10),(164,'Information Clerks',0.00),(165,'Information Security Analysts, Web Developers, and Computer Network Architects',0.74),(166,'Instructional Coordinators',0.25),(167,'Insulation Workers',0.04),(168,'Insurance Sales Agents',0.45),(169,'Insurance Underwriters',0.06),(170,'Interior Designers',0.18),(171,'Interpreters and Translators',0.20),(172,'Janitors and Building Cleaners',2.89),(173,'Jewelers and Precious Stone and Metal Workers',0.05),(174,'Judges, Mediators, and Hearing Officers',0.00),(175,'Kindergarten and Elementary School Teachers',0.25),(176,'Landscape Architects',0.04),(177,'Laundry and Dry-cleaning Workers',0.10),(178,'Lawyers',2.50),(179,'Legislators',0.08),(180,'Librarians',0.19),(181,'Library Technicians and Assistants',0.20),(182,'Licensed Practical and Licensed Vocational Nurses',1.53),(183,'Line Installers and Repairers',0.15),(184,'Loan Officers',0.55),(185,'Lodging Managers',0.03),(186,'Logging Workers',0.02),(187,'Logisticians',0.10),(188,'Machinists and Tool and Die Makers',0.20),(189,'Maids and Housekeeping Cleaners',1.37),(190,'Management Analysts',1.41),(191,'Manicurists and Pedicurists',0.13),(192,'Marine Engineers and Naval Architects',0.00),(193,'Market Research Analysts',1.57),(194,'Massage Therapists',0.15),(195,'Material Moving Machine Operators',0.01),(196,'Material Recording Clerks',0.20),(197,'Materials Engineers',0.03),(198,'Mathematicians',0.00),(199,'Mechanical Engineering Technicians',0.02),(200,'Mechanical Engineers',0.23),(201,'Medical and Clinical Laboratory Technologists and Technicians',0.17),(202,'Medical and Health Services Managers',1.07),(203,'Medical Appliance Technicians',0.01),(204,'Medical Assistants',0.49),(205,'Medical Equipment Repairers',0.09),(206,'Medical Records and Health Information Technicians',0.21),(207,'Medical Scientists',0.17),(208,'Medical Transcriptionists',0.05),(209,'Meeting, Convention, and Event Planners',0.33),(210,'Mental Health Counselors and Marriage and Family Therapists',0.03),(211,'Metal and Plastic Machine Workers',0.08),(212,'Microbiologists',0.02),(213,'Middle School Teachers',1.04),(214,'Millwrights',0.02),(215,'Mining and Geological Engineers',0.00),(216,'Models',0.00),(217,'Multimedia Artists and Animators',0.11),(218,'Music Directors and Composers',0.11),(219,'Musicians and Singers',0.24),(220,'Natural Sciences Managers',0.12),(221,'Network and Computer Systems Administrators',0.71),(222,'Nuclear Engineers',0.00),(223,'Nuclear Medicine Technologists',0.03),(224,'Nuclear Technicians',0.00),(225,'Nursing Aides, Orderlies, and Attendants',1.36),(226,'Occupational Health and Safety Specialists',0.07),(227,'Occupational Health and Safety Technicians',0.01),(228,'Occupational Therapists',0.26),(229,'Occupational Therapy Assistants and Aides',0.05),(230,'Oil and Gas Workers',0.00),(231,'Operations Research Analysts',0.16),(232,'Ophthalmic Laboratory Technicians',0.03),(233,'Opticians, Dispensing',0.08),(234,'Optometrists',0.15),(235,'Orthotists and Prosthetists',0.04),(236,'Painters, Construction and Maintenance',0.69),(237,'Painting and Coating Workers',0.03),(238,'Paralegals and Legal Assistants',0.45),(239,'Personal Financial Advisors',1.38),(240,'Pest Control Workers',0.14),(241,'Petroleum Engineers',0.00),(242,'Pharmacists',1.05),(243,'Pharmacy Technicians',0.36),(244,'Photographers',0.06),(245,'Physical Therapist Assistants and Aides',0.11),(246,'Physical Therapists',0.54),(247,'Physician Assistants',0.39),(248,'Physicians and Surgeons',0.00),(249,'Physicists and Astronomers',0.00),(250,'Plasterers and Stucco Masons',0.07),(251,'Plumbers, Pipefitters, and Steamfitters',1.28),(252,'Podiatrists',0.06),(253,'Police and Detectives',0.05),(254,'Police, Fire, and Ambulance Dispatchers',0.08),(255,'Political Scientists',0.00),(256,'Postal Service Workers',0.08),(257,'Postsecondary Education Administrators',0.42),(258,'Postsecondary Teachers',0.00),(259,'Power Plant Operators, Distributors, and Dispatchers',0.00),(260,'Preschool and Childcare Center Directors',0.10),(261,'Preschool Teachers',0.43),(262,'Printing Workers',0.01),(263,'Private Detectives and Investigators',0.12),(264,'Probation Officers and Correctional Treatment Specialists',0.10),(265,'Producers and Directors',0.93),(266,'Property, Real Estate, and Community Association Managers',0.20),(267,'Psychiatric Technicians and Aides',0.02),(268,'Psychologists',0.58),(269,'Public Relations Managers and Specialists',0.26),(270,'Purchasing Managers, Buyers, and Purchasing Agents',0.12),(271,'Quality Control Inspectors',0.19),(272,'Radiation Therapists',0.00),(273,'Radiologic Technologists',0.45),(274,'Railroad Conductors and Yardmasters',0.09),(275,'Real Estate Brokers and Sales Agents',0.00),(276,'Receptionists',2.20),(277,'Recreation Workers',0.30),(278,'Recreational Therapists',0.05),(279,'Registered Nurses',5.00),(280,'Rehabilitation Counselors',0.16),(281,'Reinforcing Iron and Rebar Workers',0.05),(282,'Reporters, Correspondents, and Broadcast News Analysts',0.03),(283,'Respiratory Therapists',0.20),(284,'Retail Sales Workers',0.19),(285,'Roofers',0.11),(286,'Sales Engineers',0.19),(287,'Sales Managers',1.10),(288,'School and Career Counselors',0.47),(289,'Secretaries and Administrative Assistants',1.79),(290,'Securities, Commodities, and Financial Services Sales Agents',2.77),(291,'Security Guards and Gaming Surveillance Officers',0.01),(292,'Self-enrichment Teachers',0.55),(293,'Semiconductor Processors',0.00),(294,'Set and Exhibit Designers',0.08),(295,'Sewers and Tailors',0.01),(296,'Sheet Metal Workers',0.13),(297,'Skincare Specialists',0.09),(298,'Slaughterers and Meat Packers',0.00),(299,'Small Engine Mechanics',0.04),(300,'Social and Community Service Managers',0.34),(301,'Social and Human Service Assistants',0.63),(302,'Social Workers',0.42),(303,'Sociologists',0.00),(304,'Software Developers',1.11),(305,'Special Education Teachers',0.87),(306,'Speech-Language Pathologists',0.31),(307,'Stationary Engineers and Boiler Operators',0.13),(308,'Statisticians',0.07),(309,'Structural Iron and Steel Workers',0.14),(310,'Substance Abuse and Behavioral Disorder Counselors',0.16),(311,'Subway and Streetcar Operators',0.00),(312,'Surgical Technologists',0.08),(313,'Survey Researchers',0.02),(314,'Surveying and Mapping Technicians',0.03),(315,'Surveyors',0.05),(316,'Tax Examiners and Collectors, and Revenue Agents',0.09),(317,'Taxi Drivers and Chauffeurs',0.53),(318,'Teacher Assistants',1.62),(319,'Technical Writers',0.06),(320,'Telecommunications Equipment Installers and Repairers Except Line Installers',0.31),(321,'Tellers',0.39),(322,'Tile and Marble Setters',0.09),(323,'Top Executives',0.48),(324,'Train Engineers and Operators',0.03),(325,'Training and Development Managers',0.08),(326,'Travel Agents',0.06),(327,'Umpires, Referees, and Other Sports Officials',0.02),(328,'Upholsterers',0.02),(329,'Urban and Regional Planners',0.03),(330,'Veterinarians',0.17),(331,'Veterinary Assistants and Laboratory Animal Caretakers',0.03),(332,'Veterinary Technologists and Technicians',0.15),(333,'Waiters and Waitresses',2.32),(334,'Water and Wastewater Treatment Plant and System Operators',0.00),(335,'Water Transportation Occupations',0.08),(336,'Welders, Cutters, Solderers, and Brazers',0.17),(337,'Wholesale and Manufacturing Sales Representatives',0.44),(338,'Woodworkers',0.04),(339,'Writers and Authors',0.49),(340,'Zoologists and Wildlife Biologists',0.01);
/*!40000 ALTER TABLE `growthscores` ENABLE KEYS */;
UNLOCK TABLES;

--
-- Table structure for table `industries`
--

DROP TABLE IF EXISTS `industries`;
/*!40101 SET @saved_cs_client     = @@character_set_client */;
/*!40101 SET character_set_client = utf8 */;
CREATE TABLE `industries` (
  `Id` int(11) NOT NULL AUTO_INCREMENT,
  `Name` longtext,
  `Code` int(11) NOT NULL,
  PRIMARY KEY (`Id`)
) ENGINE=MyISAM AUTO_INCREMENT=24 DEFAULT CHARSET=latin1;
/*!40101 SET character_set_client = @saved_cs_client */;

--
-- Dumping data for table `industries`
--

LOCK TABLES `industries` WRITE;
/*!40000 ALTER TABLE `industries` DISABLE KEYS */;
INSERT INTO `industries` VALUES (1,'Management Occupations',11),(2,'Business and Financial Operations Occupations',13),(3,'Computer and Mathematical Occupations',15),(4,'Architecture and Engineering Occupations',17),(5,'Life, Physical, and Social Science Occupations',19),(6,'Community and Social Service Occupations',21),(7,'Legal Occupations',23),(8,'Education, Training, and Library Occupations',25),(9,'Arts, Design, Entertainment, Sports, and Media Occupations',27),(10,'Healthcare Practitioners and Technical Occupations',29),(11,'Healthcare Support Occupations',31),(12,'Protective Service Occupations',33),(13,'Food Preparation and Serving Related Occupations',35),(14,'Building and Grounds Cleaning and Maintenance Occupations',37),(15,'Personal Care and Service Occupations',39),(16,'Sales and Related Occupations',41),(17,'Office and Administrative Support Occupations',43),(18,'Farming, Fishing, and Forestry Occupations',45),(19,'Construction and Extraction Occupations',47),(20,'Installation, Maintenance, and Repair Occupations',49),(21,'Production Occupations',51),(22,'Transportation and Material Moving Occupations',53),(23,'Military Specific Occupations',55);
/*!40000 ALTER TABLE `industries` ENABLE KEYS */;
UNLOCK TABLES;

--
-- Table structure for table `leveltypes`
--

DROP TABLE IF EXISTS `leveltypes`;
/*!40101 SET @saved_cs_client     = @@character_set_client */;
/*!40101 SET character_set_client = utf8 */;
CREATE TABLE `leveltypes` (
  `Id` int(11) NOT NULL AUTO_INCREMENT,
  `Name` longtext,
  `Alias` longtext,
  PRIMARY KEY (`Id`)
) ENGINE=InnoDB AUTO_INCREMENT=5 DEFAULT CHARSET=latin1;
/*!40101 SET character_set_client = @saved_cs_client */;

--
-- Dumping data for table `leveltypes`
--

LOCK TABLES `leveltypes` WRITE;
/*!40000 ALTER TABLE `leveltypes` DISABLE KEYS */;
INSERT INTO `leveltypes` VALUES (1,'Premium',''),(2,'Great',''),(3,'Good',''),(4,'Not Recommended','');
/*!40000 ALTER TABLE `leveltypes` ENABLE KEYS */;
UNLOCK TABLES;

--
-- Table structure for table `occupations`
--

DROP TABLE IF EXISTS `occupations`;
/*!40101 SET @saved_cs_client     = @@character_set_client */;
/*!40101 SET character_set_client = utf8 */;
CREATE TABLE `occupations` (
  `Id` int(11) NOT NULL AUTO_INCREMENT,
  `IndustryId` int(11) NOT NULL,
  `WorkExperienceId` int(11) NOT NULL,
  `EducationLevelId` int(11) DEFAULT NULL,
  `Name` longtext,
  `Code` longtext,
  `Description` longtext,
  `SocCode` longtext,
  `MedianPayAnnual` decimal(18,2) DEFAULT NULL,
  `MedianPayHourly` decimal(18,2) DEFAULT NULL,
  `NumberOfJobs` double NOT NULL,
  `EmploymentOpenings` int(11) NOT NULL,
  PRIMARY KEY (`Id`),
  KEY `IX_IndustryId` (`IndustryId`),
  KEY `IX_WorkExperienceId` (`WorkExperienceId`),
  KEY `IX_EducationLevelId` (`EducationLevelId`)
) ENGINE=MyISAM AUTO_INCREMENT=341 DEFAULT CHARSET=latin1;
/*!40101 SET character_set_client = @saved_cs_client */;

--
-- Dumping data for table `occupations`
--

LOCK TABLES `occupations` WRITE;
/*!40000 ALTER TABLE `occupations` DISABLE KEYS */;
INSERT INTO `occupations` VALUES (1,2,5,5,'Accountants and Auditors','P047','Accountants and auditors prepare and examine financial records. They ensure that financial records are accurate and that taxes are paid properly and on time. Accountants and auditors assess financial operations and work to help ensure that organizations run efficiently.','132011',61690.00,29.66,1216900,190700),(2,9,5,3,'Actors','P151','Actors express ideas and portray characters in theater, film, television, and other performing arts media. They also work at theme parks or for other live events. They interpret a writer’s script to entertain or inform an audience.','272011',0.00,17.44,66500,2600),(3,3,5,5,'Actuaries','P063','Actuaries analyze the financial costs of risk and uncertainty. They use mathematics, statistics, and financial theory to assess the risk that an event will occur and to help businesses and clients develop policies that minimize the cost of that risk.','152011',87650.00,42.14,21700,5800),(4,1,1,2,'Administrative Services Managers','P020','Administrative services managers plan, direct, and coordinate supportive services of an organization. Their specific responsibilities vary by the type of organization and may include keeping records, distributing mail, and planning and maintaining facilities.','113011',77890.00,37.45,254300,36900),(5,8,5,5,'Adult Literacy and GED Teachers','P136','Adult literacy and General Education Development (GED) teachers instruct adults and youths who are out of school in basic skills, such as reading, writing, and speaking English. They also help students earn their GED or high school diploma.','253011',46530.00,22.37,86900,12700),(6,16,5,2,'Advertising Sales Agents','P239','Advertising sales agents sell advertising space to businesses and individuals. They contact potential clients, make sales presentations, and maintain client accounts.','413011',45350.00,2.18,160400,20900),(7,1,1,5,'Advertising, Promotions, and Marketing Managers','P016','Advertising, promotions, and marketing managers plan programs to generate interest in a product or service. They work with art directors, sales agents, and financial staff members.','112011',108260.00,52.05,216800,29400),(8,4,5,4,'Aerospace Engineering and Operations Technicians','P334','Aerospace engineering and operations technicians operate and maintain equipment used in developing, testing, and producing new aircraft and spacecraft. Increasingly, they use computer-based modeling and simulation tools and processes in this work.','173021',58080.00,27.93,8700,100),(9,4,5,5,'Aerospace Engineers','P070','Aerospace engineers design aircraft, spacecraft, satellites, and missiles. In addition, they test prototypes to make sure that they function according to design.','172011',97480.00,46.86,81000,4000),(10,5,5,4,'Agricultural and Food Science Technicians','P342','Under the supervision of scientists, agricultural and food science technicians measure and analyze the quality of food and agricultural products.','194011',32760.00,15.75,21300,1500),(11,5,5,9,'Agricultural and Food Scientists','P090','Agricultural and food scientists work to ensure agricultural productivity and food safety.','191011',58450.00,2.81,33500,3500),(12,4,5,5,'Agricultural Engineers','P332','Agricultural engineers—also known as biological and agricultural engineers—work on a variety of activities. These activities range from aquaculture (raising food, such as fish, that thrive in water) to land farming to forestry; from developing biofuels to improving conservation; from planning animal environments to finding better ways to process food.','172021',71090.00,34.18,2700,2001),(13,18,4,9,'Agricultural Workers','P257','Agricultural workers maintain the quality of farms, crops, and livestock by operating machinery and doing physical labor under the supervision of agricultural managers.','452021',18970.00,9.12,757900,20000),(14,22,5,4,'Air Traffic Controllers','P312','Air traffic controllers coordinate the movement of air traffic to ensure that planes stay safe distances apart.','532021',108040.00,51.94,27000,800),(15,20,5,8,'Aircraft and Avionics Equipment Mechanics and Technicians','P280','Aircraft and avionics equipment mechanics and technicians repair and do scheduled maintenance on airplanes and helicopters. They also inspect airplanes and helicopters as required by the Federal Aviation Administration (FAA).','492091',53220.00,25.59,142300,9100),(16,22,4,9,'Airline and Commercial Pilots','P311','Airline and commercial pilots fly and navigate airplanes or helicopters. Airline pilots fly for airlines that transport people and cargo on a fixed schedule. Commercial pilots fly aircraft for other reasons, such as charter flights, rescue operations, firefighting, aerial photography, and crop dusting.','532011',92060.00,0.00,103500,11500),(17,15,5,9,'Animal Care and Service Workers','P227','Animal care and service workers care for the needs of animals. They feed, water, groom, bathe, and exercise pets and other nonfarm animals. Job tasks vary by position and place of work.','392011',19780.00,9.51,234900,54000),(18,9,5,9,'Announcers','P160','Announcers present music, news, and sports and may provide commentary or interview guests about these topics or other important events. Some act as a master of ceremonies (emcee) or disc jockey (DJ) at weddings, parties, or clubs.','273011',27010.00,12.99,61900,4100),(19,5,5,6,'Anthropologists and Archeologists','P108','Anthropologists and archeologists study the origin, development, and behavior of human beings, past and present. They examine the cultures, languages, archeological remains, and physical characteristics of people in various parts of the world.','193091',54230.00,26.07,6100,1300),(20,2,5,2,'Appraisers and Assessors of Real Estate','P048','Appraisers and assessors of real estate estimate the value of real property—land and the buildings on that land— before it is sold, mortgaged, taxed, insured, or developed.','132021',48500.00,23.32,77800,5800),(21,4,5,5,'Architects','P066','Architects plan and design buildings and other structures.','171011',72550.00,34.88,113700,27900),(22,1,3,5,'Architectural and Engineering Managers','P032','Architectural and engineering managers plan, coordinate, and direct activities in architecture and engineering, including research and development in these fields.','119041',119260.00,57.34,176800,15200),(23,8,5,5,'Archivists','P137','Archivists appraise, edit, and maintain permanent records and historically valuable documents. Many do research on archival material.','254011',45200.00,21.73,6100,700),(24,9,1,5,'Art Directors','P143','Art directors are responsible for the visual style and images in magazines, newspapers, product packaging, and movie and television productions. They create the overall design and direct others who develop artwork or layouts.','271011',80630.00,38.77,73900,6700),(25,21,5,2,'Assemblers and Fabricators','P293','Assemblers and fabricators assemble both finished products and the parts that go into them. They use tools, machines, and their hands to make engines, computers, aircraft, toys, electronic devices, and more.','512011',28360.00,13.63,1626500,88000),(26,9,5,2,'Athletes and Sports Competitors','P153','Athletes and sports competitors participate in organized, officiated sports events to entertain spectators.','272021',43740.00,0.00,16500,3600),(27,10,5,5,'Athletic Trainers','P200','Athletic trainers specialize in preventing, diagnosing, and treating muscle and bone injuries and illnesses. They work with people of all ages and all skill levels, from young children to soldiers and professional athletes.','299091',41600.00,0.00,18200,5500),(28,5,5,5,'Atmospheric Scientists, Including Meteorologists','P005','Atmospheric scientists study weather, climate, and other aspects of the atmosphere. They develop reports and forecasts from their analysis of weather and climate data.','192021',87780.00,4.22,9500,1000),(29,10,5,7,'Audiologists','P011','Audiologists diagnose and treat a patient’s hearing and balance problems using advanced technology and procedures.','291181',66660.00,32.05,13000,4800),(30,20,5,2,'Automotive Body and Glass Repairers','P282','Automotive body and glass repairers restore, refinish, and replace vehicle bodies and frames, windshields, and window glass.','493021',37580.00,18.07,170900,32700),(31,20,5,2,'Automotive Service Technicians and Mechanics','P283','Automotive service technicians and mechanics, often called service technicians or service techs, inspect, maintain, and repair cars and light trucks.','493023',35790.00,17.21,723400,124800),(32,21,5,1,'Bakers','P294','Bakers mix and bake ingredients according to recipes to make a variety of breads, pastries, and other baked goods.','513011',23450.00,11.27,149800,3500),(33,15,5,9,'Barbers, Hairdressers, and Cosmetologists','P229','Barbers, hairdressers, and cosmetologists provide hair styling and beauty services.','395011',22500.00,10.82,712200,100900),(34,13,5,1,'Bartenders','P220','Bartenders mix and serve drinks to customers directly or through wait staff.','353011',18680.00,8.98,503200,45500),(35,17,5,2,'Bill and Account Collectors','P246','Bill and account collectors, sometimes called collectors, try to recover payment on overdue bills. They negotiate repayment plans with debtors and help them find solutions to make paying their overdue bills easier.','433011',31310.00,15.05,401700,57200),(36,5,5,7,'Biochemists and Biophysicists','P093','Biochemists and biophysicists study the chemical and physical principles of living things and of biological processes such as cell development, growth, and heredity.','191021',79390.00,38.17,25100,7700),(37,5,5,5,'Biological Technicians','P110','Biological technicians help biological and medical scientists conduct laboratory tests and experiments.','194021',39020.00,18.76,80200,10900),(38,4,5,5,'Biomedical Engineers','P071','Biomedical engineers analyze and design solutions to problems in biology and medicine, with the goal of improving the quality and effectiveness of patient care.','172031',81540.00,3.92,15700,9700),(39,19,5,2,'Boilermakers','P367','Boilermakers assemble, install, and repair boilers, closed vats, and other large vessels or containers that hold liquids and gases.','472011',54640.00,26.27,19800,4200),(40,17,5,2,'Bookkeeping, Accounting, and Auditing Clerks','P247','Bookkeeping, accounting, and auditing clerks produce financial records for organizations. They record financial transactions, update statements, and check financial records for accuracy.','433031',34030.00,16.36,1898300,259000),(41,19,5,2,'Brickmasons, Blockmasons, and Stonemasons','P259','Brickmasons, blockmasons, and stonemasons (or, simply, masons) use bricks, concrete blocks, and natural stones to build fences, walkways, walls, and other structures.','472021',45410.00,21.83,104800,41800),(42,9,5,9,'Broadcast and Sound Engineering Technicians','P166','Broadcast and sound engineering technicians set up, operate, and maintain the electrical equipment for radio and television broadcasts, concerts, sound recordings, and movies and in office and school buildings.','274011',39870.00,19.17,116900,11600),(43,2,5,5,'Budget Analysts','P049','Budget analysts help public and private institutions organize their finances. They prepare budget reports and monitor institutional spending.','132031',68200.00,32.79,62100,6500),(44,22,5,2,'Bus Drivers','P313','Bus drivers transport people between a variety of places including work, school, shopping, and across state borders. Some drive regular routes, and others transport passengers on chartered trips or sightseeing tours.','533021',29160.00,14.02,647200,83000),(45,10,5,4,'Cardiovascular Technologists and Technicians and Vascular Technologists','P186','Cardiovascular technologists and technicians and vascular technologists use imaging technology to help physicians diagnose cardiac (heart) and peripheral vascular (blood vessel) ailments in patients. They also help physicians treat problems with cardiac and vascular systems, such as blood clots.','292031',49410.00,23.75,49400,14500),(46,8,1,5,'Career and Technical Education Teachers','P134','Career and technical education teachers help students in middle school and high school develop career-related and technical skills. They help students explore or prepare to enter a particular occupation, such as one in auto repair, healthcare, business, or the culinary arts.','252023',53920.00,0.00,103000,2300),(47,17,5,2,'Cargo and Freight Agents','P251','Cargo and freight agents coordinate and facilitate incoming and outgoing shipments for transportation companies and other businesses.','435011',37150.00,17.86,82200,24100),(48,19,5,2,'Carpenters','P260','Carpenters construct and repair building frameworks and structures—such as stairways, doorframes, partitions, and rafters—made from wood and other materials. They also may install kitchen cabinets, siding, and drywall.','472031',39530.00,0.19,1001700,196000),(49,19,5,1,'Carpet Installers','P261','Carpet installers lay carpet in homes, offices, restaurants, and many other types of buildings.','472041',36090.00,17.35,47500,4900),(50,4,5,5,'Cartographers and Photogrammetrists','P068','Cartographers and photogrammetrists measure, analyze, and interpret geographic information to create maps and charts for political, cultural, educational, and other purposes. Cartographers are general mapmakers, and photogrammetrists are specialized mapmakers who use aerial photographs to create maps.','171021',54510.00,26.21,13800,3100),(51,16,5,1,'Cashiers','P237','Cashiers handle payments from customers purchasing goods and services.','412011',18500.00,8.89,3362600,250200),(52,19,5,9,'Cement Masons and Terrazzo Workers','P368','Cement masons pour, smooth, and finish concrete floors, sidewalks, roads, and curbs. Using a cement mixture, terrazzo workers create durable and decorative surfaces for floors and stairways.','472051',35530.00,17.08,148400,50700),(53,13,1,2,'Chefs and Head Cooks','P217','Chefs and head cooks oversee the daily food preparation at restaurants or other places where food is served. They direct kitchen staff and handle any food-related concerns.','351011',40630.00,19.53,100600,800),(54,4,5,5,'Chemical Engineers','P072','Chemical engineers apply the principles of chemistry, biology, and physics to solve problems. These problems involve the production or use of chemicals, fuel, drugs, food, and many other products. They design processes and equipment for large-scale safe and sustainable manufacturing, plan and test methods of manufacturing products and treating byproducts, and supervise production.','172041',90300.00,43.42,30200,18001),(55,5,5,4,'Chemical Technicians','P111','Chemical technicians use special instruments and techniques to help chemists and chemical engineers in researching, developing, and producing chemical products and processes.','194031',42040.00,20.21,61000,4100),(56,5,5,5,'Chemists and Materials Scientists','P099','Chemists and materials scientists study the structures, compositions, reactions, and other properties of substances. They use their knowledge to develop new and improved products, processes, and materials.','192031',69790.00,33.55,90900,4000),(57,15,5,2,'Childcare Workers','P233','Childcare workers care for children when parents and other family members are unavailable. They care for children’s basic needs, such as bathing and feeding. In addition, some help children prepare for kindergarten, and many help older children with homework.','399011',19300.00,9.28,1282300,262000),(58,10,5,7,'Chiropractors','P169','Chiropractors treat patients with health problems of the musculoskeletal system, which is made up of bones, muscles, ligaments, and tendons.','291011',67200.00,32.31,52600,14900),(59,4,5,4,'Civil Engineering Technicians','P085','Civil engineering technicians help civil engineers plan and design the construction of highways, bridges, utilities, and other major infrastructure projects. They also help with commercial, residential, and land development. Civil engineering technicians work under the direction of a licensed civil engineer.','173022',46290.00,22.26,79000,9400),(60,4,5,5,'Civil Engineers','P073','Civil engineers design and supervise large construction projects, including roads, buildings, airports, tunnels, dams, bridges, and systems for water supply and sewage treatment.','172051',77560.00,37.29,262800,51100),(61,2,5,9,'Claims Adjusters, Appraisers, Examiners, and Investigators','P042','Claims adjusters, appraisers, examiners, and investigators evaluate insurance claims. They decide whether an insurance company must pay a claim, and if so, how much.','131031',58460.00,28.11,290700,7500),(62,9,5,2,'Coaches and Scouts','P154','Coaches teach amateur and professional athletes the skills they need to succeed at their sport. Scouts look for new players, evaluating athletes’ strengths and weaknesses as possible recruits. Many coaches also scout out new talent.','272022',28340.00,0.00,242900,71400),(63,1,1,5,'Compensation and Benefits Managers','P023','Compensation managers plan, direct, and coordinate how and how much an organization pays its employees. Benefits managers do the same for retirement plans, health insurance, and other benefits an organization offers its employees.','113111',89270.00,42.92,31800,900),(64,3,5,7,'Computer and Information Research Scientists','P003','Computer and information research scientists invent and design new technology and find new uses for existing technology. They study and solve complex problems in computing for business, science, medicine, and other uses.','151111',100660.00,48.39,28200,5300),(65,1,3,5,'Computer and Information Systems Managers','P021','Computer and information systems managers, often called information technology managers (IT managers or IT project managers), plan, coordinate, and direct computer-related activities in an organization. They help determine the information technology goals of an organization and are responsible for implementing the appropriate computer systems to meet those goals.','113021',115780.00,55.67,307900,55800),(66,4,5,5,'Computer Hardware Engineers','P074','Computer hardware engineers research, design, develop, and test computer equipment such as chips, circuit boards, or routers. By solving complex problems in computer hardware, these engineers create rapid advances in computer technology.','172061',98810.00,4.75,70000,6300),(67,3,5,5,'Computer Programmers','P056','Computer programmers write code to create software programs. They turn the program designs created by software developers and engineers into instructions that a computer can follow.','151131',71380.00,34.32,363100,43700),(68,3,5,3,'Computer Support Specialists','P058','Computer support specialists provide help and advice to people and organizations using computer software or equipment. Some, called technical support specialists, support information technology (IT) employees within their organization. Others, called help-desk technicians, assist non-IT users who are having computer problems.','151150',46260.00,22.24,607100,110000),(69,3,5,5,'Computer Systems Analysts','P059','Computer systems analysts study an organizations current computer systems and procedures and make recommendations to management to help the organization operate more efficiently and effectively. They bring business and information technology (IT) together by understanding the needs and limitations of both.','151121',77740.00,37.38,544400,120400),(70,20,5,8,'Computer, ATM, and Office Machine Repairers','P372','Computer, ATM, and office machine repairers install, fix, and maintain many of the machines that businesses, households, and other consumers use.','492011',37280.00,17.92,146200,9500),(71,5,5,5,'Conservation Scientists and Foresters','P337','Conservation scientists and foresters manage overall land quality of forests, parks, rangeland, and other natural resources.','191031',57420.00,2.76,34900,1700),(72,19,3,2,'Construction and Building Inspectors','P274','Construction and building inspectors ensure that new construction, changes, or repairs comply with local and national building codes and ordinances, zoning regulations, and contract specifications.','474011',52360.00,25.18,102400,18400),(73,19,5,2,'Construction Equipment Operators','P264','Construction equipment operators drive, maneuver, or control the heavy machinery used to construct roads, bridges, buildings, and other structures.','472071',39460.00,18.97,404900,94800),(74,19,5,9,'Construction Laborers and Helpers','P263','Construction laborers and helpers do many basic tasks that require physical labor on construction sites.','472061',28410.00,13.66,1250200,314200),(75,1,3,4,'Construction Managers','P028','Construction managers plan, coordinate, budget, and supervise construction projects from early development to completion.','119021',83860.00,40.32,523100,86600),(76,13,4,9,'Cooks','P218','Cooks prepare, season, and cook a wide range of foods, such as soups, salads, entrees, and desserts.','352011',20260.00,9.74,2050800,161800),(77,12,5,2,'Correctional Officers','P212','Correctional officers are responsible for overseeing individuals who have been arrested and are awaiting trial or who have been sentenced to serve time in a jail, reformatory, or prison.','333011',39020.00,18.76,493100,26000),(78,2,5,5,'Cost Estimators','P043','Cost estimators collect and analyze data to estimate the time, money, resources, and labor required for product manufacturing, construction projects, or services. Some specialize in a particular industry or product type.','131051',57860.00,27.82,185400,67500),(79,17,5,2,'Couriers and Messengers','P360','Couriers and messengers transport documents and packages for individuals, businesses, institutions, and government agencies.','435021',24080.00,11.58,116200,14600),(80,7,5,8,'Court Reporters','P008','Court reporters attend legal proceedings and public speaking events to create word-for-word transcriptions. Some court reporters provide captioning for television and at public events.','232091',47700.00,22.93,22000,3100),(81,9,5,2,'Craft and Fine Artists','P348','Craft and fine artists use a variety of materials and techniques to create art for sale and exhibition. Craft artists create handmade objects, such as pottery, glassware, textiles, or other objects that are designed to be functional. Fine artists, including painters, sculptors, and illustrators, create original works of art for their aesthetic value, rather than a functional one.','271012',43470.00,2.09,56900,3100),(82,8,5,9,'Curators, Museum Technicians, and Conservators','P138','Curators oversee collections, such as artwork and historic items, and may conduct public service activities for an institution. Museum technicians and conservators prepare and restore objects and documents in museum collections and exhibits.','254012',42310.00,20.34,23800,38001),(83,17,5,2,'Customer Service Representatives','P249','Customer service representatives interact with customers on behalf of an organization. They provide information about products and services and respond to customer complaints. Some also take orders and process returns.','434051',30460.00,14.64,2187300,338400),(84,9,4,2,'Dancers and Choreographers','P156','Dancers and choreographers use movements to express ideas and stories in performances. There are many types of dance, such as ballet, modern dance, tap, and jazz.','272031',0.00,15.97,25600,4600),(85,3,1,5,'Database Administrators','P060','Database administrators use software to store and organize data, such as financial information and customer shipping records. They make sure that data are available to users and are secure from unauthorized access.','151141',73490.00,35.33,110800,33900),(86,22,5,2,'Delivery Truck Drivers and Driver/Sales Workers','P314','Delivery truck drivers and driver/sales workers pick up, transport, and drop off packages within a small region or urban area. Most of the time, they transport merchandise from a distribution center to businesses and households.','533031',27050.00,0.13,1262600,167500),(87,16,5,2,'Demonstrators and Product Promoters','P357','Demonstrators and product promoters create public interest in products, such as cosmetics, housewares, and food. They encourage people and stores to buy their products by showing the products to prospective customers and answering questions.','419011',23110.00,11.11,90100,15800),(88,11,5,8,'Dental Assistants','P207','Dental assistants have many tasks, ranging from patient care to record keeping, in a dental office. Their duties vary by state and by the dentist’s office where they work.','319091',33470.00,16.09,297200,91600),(89,10,5,4,'Dental Hygienists','P185','Dental hygienists clean teeth, examine patients for oral diseases such as gingivitis, and provide other preventative dental care. They also educate patients on ways to improve and maintain good oral health.','292021',68250.00,32.81,181800,68500),(90,21,5,2,'Dental Laboratory Technicians','P308','Dental laboratory technicians use impressions, or molds, of a patient’s teeth to create crowns, bridges, dentures, and other dental appliances. They work closely with dentists but have limited contact with patients.','519081',35140.00,1.69,40900,300),(91,10,5,7,'Dentists','P170','Dentists diagnose and treat problems with a patient’s teeth, gums, and other parts of the mouth. They provide advice and instruction on taking care of teeth and gums and on diet choices that affect oral health.','291021',146920.00,70.64,155700,32200),(92,17,5,4,'Desktop Publishers','P256','Desktop publishers use computer software to design page layouts for newspapers, books, brochures, and other items that will be printed or put online. They collect the text, graphics, and other materials they will need and then format them into a finished product.','439031',36610.00,1.76,22600,3300),(93,10,5,4,'Diagnostic Medical Sonographers','P187','Diagnostic medical sonographers use special imaging equipment that directs sound waves into a patient’s body (in a procedure commonly known as an ultrasound, sonogram, or echocardiogram) to assess and diagnose various medical conditions.','292032',64380.00,30.95,53700,23400),(94,20,5,2,'Diesel Service Technicians and Mechanics','P284','Diesel service technicians and mechanics inspect, repair, or overhaul buses, trucks, and anything else with a diesel engine.','493031',40850.00,19.64,242200,35200),(95,10,5,5,'Dietitians and Nutritionists','P010','Dietitians and nutritionists are experts in food and nutrition. They advise people on what to eat in order to lead a healthy lifestyle or achieve a specific health-related goal.','291031',53250.00,2.56,64400,12700),(96,4,5,4,'Drafters','P084','Drafters use software to convert the designs of engineers and architects into technical drawings and plans. Workers in production and construction use these plans to build everything from microchips to skyscrapers.','173011',47880.00,23.02,205100,11400),(97,19,5,1,'Drywall and Ceiling Tile Installers, and Tapers','P265','Drywall and ceiling tile installers hang wallboards to walls and ceilings inside buildings. Tapers prepare the wallboards for painting, using tape and other materials. Many workers do both installing and taping.','472081',38290.00,18.41,129600,37300),(98,5,5,5,'Economists','P006','Economists study the production and distribution of resources, goods, and services.','193011',89450.00,0.43,15400,900),(99,9,1,5,'Editors','P162','Editors plan, review, and revise content for publication.','273041',51470.00,24.75,127200,8001),(100,4,5,4,'Electrical and Electronic Engineering Technicians','P335','Electrical and electronic engineering technicians help engineers design and develop computers, communications equipment, medical monitoring devices, navigational equipment, and other electrical and electronic equipment. They often work in product evaluation and testing, using measuring and diagnostic devices to adjust, test, and repair equipment.','173023',56040.00,26.94,151100,2900),(101,4,5,5,'Electrical and Electronics Engineers','P075','Electrical engineers design, develop, test, and supervise the manufacturing of electrical equipment such as electric motors, radar and navigation systems, communications systems, and power generation equipment. Electronics engineers design and develop electronic equipment, such as broadcast and communications systems—from portable music players to global positioning systems (GPS).','172071',87180.00,41.92,294000,17600),(102,20,5,8,'Electrical and Electronics Installers and Repairers','P373','Electrical and electronics installers and repairers install, repair, or replace a variety of electrical equipment in telecommunications, transportation, utilities, and other industries.','492092',49170.00,23.64,141100,3600),(103,19,5,2,'Electricians','P013','Electricians install and maintain electrical systems in homes, businesses, and factories.','472111',48250.00,2.32,577000,133700),(104,4,5,4,'Electro-mechanical Technicians','P336','Electro-mechanical technicians combine knowledge of mechanical technology with knowledge of electrical and electronic circuits. They install, troubleshoot, repair, and upgrade electronic and computer-controlled mechanical systems, such as robotic assembly machines.','173024',49550.00,23.82,16400,1001),(105,1,1,6,'Elementary, Middle, and High School Principals','P030','Elementary, middle, and high school principals lead teachers and other members of school staff. They manage the day-to-day operations of elementary, middle, and high schools. They set goals and objectives and evaluate their school’s progress toward meeting them.','119032',86970.00,0.00,236100,23200),(106,19,5,2,'Elevator Installers and Repairers','P275','Elevator installers and repairers install, fix, and maintain elevators, escalators, moving walkways, and other lifts.','474021',70910.00,34.09,19900,2300),(107,10,5,8,'EMTs and Paramedics','P190','Emergency medical technicians (EMTs) and paramedics care for the sick or injured in emergency medical settings. People’s lives often depend on their quick reaction and competent care. EMTs and paramedics respond to emergency calls, performing medical services and transporting patients to medical facilities.','292041',30360.00,1.46,226500,75400),(108,4,5,4,'Environmental Engineering Technicians','P086','Environmental engineering technicians carry out the plans that environmental engineers develop. They test, operate, and, if necessary, modify equipment for preventing or cleaning up environmental pollution. They may collect samples for testing, or they may work to mitigate sources of environmental pollution.','173025',43390.00,20.86,18800,4600),(109,4,5,5,'Environmental Engineers','P076','Environmental engineers use the principles of engineering, soil science, biology, and chemistry to develop solutions to environmental problems. They are involved in efforts to improve recycling, waste disposal, public health, and control of water and air pollution.','172081',78740.00,37.86,51400,11300),(110,5,5,4,'Environmental Science and Protection Technicians','P114','Environmental science and protection technicians do laboratory and field tests to monitor the environment and investigate sources of pollution, including those affecting health. Many work under the supervision of environmental scientists and specialists, who direct their work and evaluate their results.','194091',41380.00,1.99,29600,7000),(111,5,5,5,'Environmental Scientists and Specialists','P100','Environmental scientists and specialists use their knowledge of the natural sciences to protect the environment. They identify problems and find solutions that minimize hazards to the health of the environment and the population.','192041',61700.00,29.66,89400,16700),(112,5,5,6,'Epidemiologists','P096','Epidemiologists investigate the causes of disease and other public health problems to prevent them from spreading or from happening again. They report their findings to public policy officials and to the general public.','191041',63010.00,30.29,5000,1200),(113,1,3,2,'Farmers, Ranchers, and Other Agricultural Managers','P027','Farmers, ranchers, and other agricultural managers run establishments that produce crops, livestock, and dairy products.','119013',60750.00,29.21,1202500,96100),(114,9,5,2,'Fashion Designers','P146','Fashion designers create original clothing, accessories, and footwear. They sketch designs, select fabrics and patterns, and give instructions on how to make the products they designed.','271022',64530.00,31.02,21500,0),(115,9,4,5,'Film and Video Editors and Camera Operators','P168','Film and video editors and camera operators record images that entertain or inform an audience. Camera operators capture a wide range of material for TV shows, motion pictures, music videos, documentaries, or news and sporting events. Editors construct the final productions from the many different images camera operators capture. They collaborate with producers and directors to create the final production.','274031',45490.00,21.87,58300,2200),(116,2,5,5,'Financial Analysts','P051','Financial analysts provide guidance to businesses and individuals making investment decisions. They assess the performance of stocks, bonds, and other types of investments.','132051',74350.00,35.75,236000,54200),(117,17,5,2,'Financial Clerks','P358','Financial clerks do administrative work for banking, insurance, and other companies. They keep records, help customers, and carry out financial transactions.','433021',33710.00,16.21,1395500,152600),(118,2,5,5,'Financial Examiners','P053','Financial examiners ensure compliance with laws governing financial institutions and transactions. They review balance sheets, evaluate the risk level of loans, and assess bank management.','132061',74940.00,36.03,29300,7900),(119,1,3,5,'Financial Managers','P022','Financial managers are responsible for the financial health of an organization. They produce financial reports, direct investment activities, and develop strategies and plans for the long-term financial goals of their organization.','113031',103910.00,49.96,527100,46300),(120,12,3,2,'Fire Inspectors and Investigators','P352','Fire inspectors visit and inspect buildings and other structures to search for fire hazards and to ensure that fire codes are met. Fire investigators determine the origin and cause of fires by searching the surrounding scene and collecting evidence.','332021',52230.00,25.11,13600,1200),(121,12,5,8,'Firefighters','P211','Firefighters protect the public by responding to fires and other emergencies. They are frequently the first emergency personnel on the scene of an accident.','332011',45250.00,21.76,310400,26600),(122,18,5,1,'Fishers and Related Fishing Workers','P258','Fishers and related fishing workers catch and trap various types of marine life. The fish they catch are for human food, animal feed, bait, and other uses.','453011',25590.00,1.23,32000,2000),(123,15,5,2,'Fitness Trainers and Instructors','P235','Fitness trainers and instructors lead, instruct, and motivate individuals or groups in exercise activities, including cardiovascular exercise (exercises for the heart and blood system), strength training, and stretching. They work with people of all ages and skill levels.','399031',31090.00,14.95,251400,60400),(124,22,5,2,'Flight Attendants','P232','Flight attendants provide personal services to ensure the safety and comfort of airline passengers.','532031',37740.00,0.00,90500,200),(125,9,5,2,'Floral Designers','P147','Floral designers, also called florists, cut and arrange live, dried, or silk flowers and greenery to make decorative displays. They also help customers select flowers, containers, ribbons, and other accessories.','271023',23610.00,11.35,66500,6200),(126,13,5,1,'Food and Beverage Serving and Related Workers','P221','Food and beverage serving and related workers perform a variety of customer service, food preparation, and cleaning duties in full-service restaurants, casual dining eateries, and other eating and drinking places.','353021',18130.00,8.72,4110400,491600),(127,13,5,1,'Food Preparation Workers','P219','Food preparation workers perform many routine tasks under the guidance of cooks or food supervisors. They prepare cold foods, slice meat, peel and cut vegetables, brew coffee or tea, and do many other tasks.','352021',19100.00,9.18,813700,84100),(128,21,5,1,'Food Processing Occupations','P295','Food processing occupations include butchers and meat cutters; meat, poultry, and fish cutters and trimmers; and operators and tenders of roasting, baking, and drying machinery. These workers cut, trim, or otherwise process food items, such as meat, or nonfood items, such as tobacco, for retail sale.','513021',23950.00,11.51,311300,37400),(129,21,2,2,'Food Processing Operators','P381','Food processing operators include food batchmakers and food cooking machine operators and tenders. These workers may set up, operate, and tend cooking equipment that mixes, blends, cooks, or otherwise processes ingredients used to manufacture food products.','513092',24250.00,11.66,131000,2300),(130,1,1,2,'Food Service Managers','P033','Food service managers are responsible for the daily operations of restaurants and other establishments that prepare and serve food and beverages to customers. Managers ensure that customers are satisfied with their dining experience.','119051',48130.00,23.14,320600,10600),(131,5,5,5,'Forensic Science Technicians','P115','Forensic science technicians help investigate crimes by collecting and analyzing physical evidence. Most technicians specialize in either crime scene investigation or laboratory analysis.','194092',51570.00,24.79,13000,2400),(132,5,5,4,'Forest and Conservation Technicians','P343','Forest and conservation technicians measure and improve the quality of forests, rangeland, and other natural areas.','194093',33390.00,16.05,36500,400),(133,18,5,2,'Forest and Conservation Workers','P365','Forest and conservation workers measure and improve the quality of forests. Under the supervision of foresters and forest and conservation technicians, they help to develop, maintain, and protect forests.','454011',23900.00,11.49,13700,1001),(134,15,5,4,'Funeral Directors','P001','Funeral directors, also called morticians and undertakers, manage funeral homes and arrange the details of a funeral.','394831',54330.00,26.12,29300,5300),(135,1,4,9,'Gaming Services Occupations','P228','Gaming services workers serve customers in gambling establishments, such as casinos or racetracks. Some workers tend slot machines or deal cards. Others take bets or pay out winnings. Still others supervise gaming workers and operations.','119071',20260.00,9.74,177100,22900),(136,20,5,2,'General Maintenance and Repair Workers','P289','General maintenance and repair workers maintain and repair machines, mechanical equipment, and buildings. They work on plumbing, electrical, and air-conditioning and heating systems.','499071',34730.00,1.67,1289000,142000),(137,17,5,2,'General Office Clerks','P364','General office clerks do a broad range of administrative tasks, including answering telephones, typing or word processing, and filing. However, tasks vary widely in different jobs.','439061',26610.00,12.79,2950700,489500),(138,5,5,5,'Geographers','P340','Geographers study the earth and its land, features, and inhabitants. They also examine phenomena such as political or cultural structures as they relate to geography. They study the physical or human geographic characteristics or both of a region, ranging in scale from local to global.','193092',72800.00,0.35,1600,600),(139,5,5,4,'Geological and Petroleum Technicians','P112','Geological and petroleum technicians provide support to scientists and engineers in exploring and extracting natural resources, such as minerals, oil, and natural gas.','194041',54020.00,25.97,14400,2100),(140,5,5,5,'Geoscientists','P101','Geoscientists study the physical aspects of the Earth, such as its composition, structure, and processes, to learn about its past, present, and future.','192042',82500.00,39.66,33800,7100),(141,19,5,2,'Glaziers','P266','Glaziers install glass in windows, skylights, storefronts, and display cases to create distinctive designs or reduce the need for artificial lighting.','472121',36640.00,17.61,41900,17700),(142,9,5,5,'Graphic Designers','P148','Graphic designers create visual concepts, by hand or using computer software, to communicate ideas that inspire, inform, or captivate consumers. They help to make an organization recognizable by selecting color, images, or logo designs that represent a particular idea or identity to be used in advertising and promotions.','271024',43500.00,20.92,279200,37300),(143,14,5,9,'Grounds Maintenance Workers','P226','Grounds maintenance workers provide a pleasant outdoor environment by ensuring that the grounds of houses, businesses, and parks are attractive, orderly, and healthy.','371012',23740.00,11.41,1249700,254600),(144,22,5,1,'Hand Laborers and Material Movers','P322','Hand laborers and material movers transport objects without using machines. Some workers move freight, stock, or other materials around storage facilities; others clean vehicles; some pick up unwanted household goods; and still others pack materials for moving.','537061',22560.00,10.85,3315400,465500),(145,19,5,2,'Hazardous Materials Removal Workers','P276','Hazardous materials (hazmat) removal workers identify and dispose of asbestos, radioactive and nuclear waste, arsenic, lead, and other hazardous materials. They also clean up materials that are flammable, corrosive, reactive, or toxic.','474041',37600.00,18.08,38100,8800),(146,4,5,5,'Health and Safety Engineers','P333','Health and safety engineers develop procedures and design systems to keep people from getting sick or injured and to keep property from being damaged. They combine knowledge of health or safety and of systems engineering to make sure that chemicals, machinery, software, furniture, and other products are not going to cause harm to people or buildings.','172111',75430.00,36.26,23700,3100),(147,6,5,5,'Health Educators','P007','Health educators teach people about behaviors that promote wellness. They develop programs and materials to encourage people to make healthy decisions.','211091',45830.00,22.03,63400,23200),(148,20,5,8,'Heating, Air Conditioning, and Refrigeration Mechanics and Installers','P287','Heating, air conditioning, and refrigeration mechanics and installers—often referred to as HVACR technicians—work on heating, ventilation, cooling, and refrigeration systems that control the air quality in many types of buildings.','499021',42530.00,20.45,267800,90300),(149,22,1,2,'Heavy and Tractor-trailer Truck Drivers','P315','Heavy and tractor-trailer truck drivers transport goods from one location to another. Most tractor-trailer drivers are long-haul drivers and operate trucks with a capacity of at least 26,001 pounds per gross vehicle weight (GVW). They deliver goods over intercity routes, sometimes spanning several states.','533032',37770.00,18.16,1604800,330100),(150,20,5,2,'Heavy Vehicle and Mobile Equipment Service Technicians','P285','Heavy vehicle and mobile equipment service technicians inspect, maintain, and repair vehicles and machinery used in construction, farming, rail transportation, and other industries.','493041',42630.00,2.05,179200,28200),(151,8,5,5,'High School Teachers','P392','High school teachers help prepare students for life after graduation. They teach academic lessons and various skills that students will need to attend college and to enter the job market.','252031',53230.00,0.00,1037600,71900),(152,5,5,6,'Historians','P341','Historians research, analyze, interpret, and present the past by studying a variety of historical documents and sources.','193093',53520.00,25.73,4000,700),(153,20,5,2,'Home Appliance Repairers','P014','Home appliance repairers install and repair household appliances, such as refrigerators, microwaves, and washer and dryers.','499031',34730.00,1.67,47700,3100),(154,20,5,8,'Home Entertainment Equipment Installers and Repairers','P281','Home entertainment equipment installers and repairers set up and fix household audio and video equipment, such as televisions, stereo components, and home theater systems.','492097',32940.00,15.84,36800,5100),(155,11,5,1,'Home Health and Personal Care Aides','P201','Home health and personal care aides help people who are disabled, chronically ill, or cognitively impaired. They also help older adults who may need assistance. They help with activities such as bathing and dressing, and they provide services such as light housekeeping. In some states, home health aides may be able to give a client medication or check the client’s vital signs under the direction of a nurse or other healthcare practitioner.','311011',20170.00,0.97,1878700,1313200),(156,1,1,5,'Human Resources Managers','P025','Human resources managers plan, direct, and coordinate the administrative functions of an organization. They oversee the recruiting, interviewing, and hiring of new staff; consult with top executives on strategic planning; and serve as a link between an organization’s management and its employees.','113121',99180.00,47.68,71800,9300),(157,2,5,5,'Human Resources Specialists','P044','Human resources specialists recruit, screen, interview, and place workers. They also may handle human resources work in a variety of other areas, such as employee relations, payroll and benefits, and training.','131078',52690.00,25.33,442200,90700),(158,5,5,6,'Hydrologists','P102','Hydrologists study water and the water cycle. They use their expertise to solve problems in the areas of water quality or availability.','192043',75690.00,36.39,7600,1400),(159,9,5,5,'Industrial Designers','P145','Industrial designers develop the concepts for manufactured products, such as cars, home appliances, and toys. They combine art, business, and engineering to make products that people use every day.','271021',58230.00,27.99,40800,4300),(160,4,5,4,'Industrial Engineering Technicians','P087','Industrial engineering technicians plan ways to effectively use personnel, materials, and machines in factories, stores, hospitals, repair shops, and offices. As assistants to industrial engineers, they help prepare machinery and equipment layouts, plan workflows, conduct statistical production studies, and analyze production costs.','173026',48210.00,23.18,62500,2600),(161,4,5,5,'Industrial Engineers','P077','Industrial engineers find ways to eliminate wastefulness in production processes. They devise efficient ways to use workers, machines, materials, information, and energy to make a product or provide a service.','172112',76100.00,36.59,203900,13100),(162,20,5,2,'Industrial Machinery Mechanics and Maintenance Workers','P288','Industrial machinery mechanics and maintenance workers maintain and repair factory equipment and other industrial machinery, such as conveying systems, production machinery, and packaging equipment.','499041',44160.00,21.23,357000,66400),(163,1,1,5,'Industrial Production Managers','P026','Industrial production managers oversee the daily operations of manufacturing and related plants. They coordinate, plan, and direct the activities used to create a wide range of goods, such as cars, computer equipment, or paper products.','113051',87160.00,41.91,150300,13700),(164,17,5,9,'Information Clerks','P359','Information clerks provide administrative and clerical support in a variety of settings. They help maintain records, collect data and information, and respond to customers’ questions or concerns.','434021',29990.00,14.42,1605300,108900),(165,3,1,5,'Information Security Analysts, Web Developers, and Computer Network Architects','P062','Information security analysts, web developers, and computer network architects all use information technology (IT) to advance their organization’s goals. Security analysts ensure a firm’s information stays safe from cyberattacks. Web developers create websites to help firms have a public face. Computer network architects create the internal networks all workers within organizations use.','151179',75660.00,36.37,302300,65700),(166,8,3,6,'Instructional Coordinators','P141','Instructional coordinators oversee school districts’ curriculums and teaching standards. They work with teachers and school administrators to implement new teaching techniques to improve the quality of education.','259031',58830.00,28.28,139700,27300),(167,19,5,9,'Insulation Workers','P267','Insulation workers install and replace the materials used to insulate buildings and their mechanical systems to help control and maintain temperature.','472131',35110.00,16.88,51400,14400),(168,16,5,2,'Insurance Sales Agents','P240','Insurance sales agents help insurance companies generate new business by contacting potential customers and selling one or more types of insurance. An agent explains various insurance policies and helps clients choose plans that suit them.','413021',46770.00,22.48,411500,90200),(169,2,5,5,'Insurance Underwriters','P002','Insurance underwriters decide whether to provide insurance and under what terms. They evaluate insurance applications and determine coverage amounts and premiums.','132053',59290.00,28.51,101800,6000),(170,9,5,5,'Interior Designers','P149','Interior designers make interior spaces functional, safe, and beautiful for almost every type of building: offices, homes, airport terminals, shopping malls, and restaurants. They select and specify colors, finishes, fabrics, furniture, flooring and wallcoverings, lighting, and other materials to create useful and stylish interiors for buildings.','271025',46280.00,22.25,56500,10900),(171,9,5,5,'Interpreters and Translators','P165','Interpreters and translators convert information from one language to another. Interpreters work in spoken or sign language, translators in written language.','273091',43300.00,20.82,58400,24600),(172,14,5,1,'Janitors and Building Cleaners','P223','Janitors and building cleaners keep many types of buildings clean, orderly, and in good condition.','372011',22210.00,10.68,2310400,246400),(173,21,5,2,'Jewelers and Precious Stone and Metal Workers','P307','Jewelers and precious stone and metal workers design, manufacture, and sell jewelry. They also adjust, repair, and appraise gems and jewelry.','519071',35170.00,16.91,39200,2000),(174,7,4,9,'Judges, Mediators, and Hearing Officers','P127','Judges, mediators, and hearing officers apply the law to court cases and oversee the legal process in courts. They also resolve administrative disputes and facilitate negotiations between opposing parties.','231021',91880.00,44.17,62700,4600),(175,8,5,5,'Kindergarten and Elementary School Teachers','P132','Kindergarten and elementary school teachers prepare younger students for future schooling by teaching them the basics of subjects such as math and reading.','252012',51380.00,0.00,1655800,281500),(176,4,5,5,'Landscape Architects','P067','Landscape architects plan and design land areas for parks, recreational facilities, highways, airports, and other properties. Projects include subdivisions and commercial, industrial, and residential sites.','171012',62090.00,29.85,21600,3500),(177,21,5,1,'Laundry and Dry-cleaning Workers','P299','Laundry and dry-cleaning workers clean clothing, linens, drapes, and other articles, using washing, drying, and dry-cleaning machines. They also may clean leather, suede, furs, and rugs.','516011',19540.00,0.94,225200,1600),(178,7,5,7,'Lawyers','P126','Lawyers advise and represent individuals, businesses, or government agencies on legal issues or disputes.','231011',112760.00,54.21,728200,73600),(179,1,1,5,'Legislators','P041','Legislators are elected officials who develop laws for the federal government, or for local or state governments.','111031',19260.00,0.00,67700,2001),(180,8,5,6,'Librarians','P139','Librarians help people find information from many sources. They maintain library collections and do other work as needed to keep the library running.','254021',54500.00,2.62,156100,10800),(181,8,5,9,'Library Technicians and Assistants','P140','Library technicians and assistants help librarians acquire, prepare, and organize materials. They also do other tasks that are needed to run a library.','254031',26330.00,12.66,231500,22100),(182,10,5,8,'Licensed Practical and Licensed Vocational Nurses','P195','Licensed practical and licensed vocational nurses (known as LPNs or LVNs, depending on the state in which they work) provide basic nursing care. They work under the direction of registered nurses and doctors.','292061',40380.00,19.42,752300,168500),(183,20,5,2,'Line Installers and Repairers','P291','Line installers and repairers install or repair electrical power systems and telecommunications cables, including fiber optics.','499051',54290.00,26.11,269100,36200),(184,2,5,2,'Loan Officers','P054','Loan officers evaluate, authorize, or recommend approval of loan applications for people and businesses.','132072',56490.00,27.16,289400,41000),(185,1,1,2,'Lodging Managers','P034','Lodging managers make sure that guests on vacation or business travel have a pleasant experience, while also ensuring that the establishments are run efficiently and profitably.','119081',46880.00,22.54,51400,4300),(186,18,5,2,'Logging Workers','P366','Logging workers harvest thousands of acres of forests each year. The timber they harvest provides the raw material for countless consumer and industrial products.','454021',32870.00,1.58,53200,2300),(187,2,1,5,'Logisticians','P329','Logisticians analyze and coordinate an organization’s supply chain—the system that moves a product from supplier to consumer. They manage the entire life cycle of a product, which includes how a product is acquired, distributed, allocated, and delivered.','131081',70800.00,34.04,108900,27800),(188,21,5,2,'Machinists and Tool and Die Makers','P297','Machinists and tool and die makers set up and operate a variety of computer-controlled or mechanically-controlled machine tools to produce precision metal parts, instruments, and tools.','514041',39910.00,19.19,438100,29900),(189,14,5,1,'Maids and Housekeeping Cleaners','P224','Maids and housekeeping cleaners do general cleaning tasks, including making beds and vacuuming halls, in private homes and commercial establishments.','372012',19300.00,9.28,1427300,111600),(190,2,1,5,'Management Analysts','P045','Management analysts, often called management consultants, propose ways to improve the efficiency of an organization. They advise managers on how to make organizations more profitable through reduced costs and increased revenues.','131111',78160.00,37.58,718800,157200),(191,15,5,8,'Manicurists and Pedicurists','P230','Manicurists and pedicurists clean, shape, and beautify fingernails and toenails.','395092',19650.00,9.45,81700,13600),(192,4,5,5,'Marine Engineers and Naval Architects','P078','Marine engineers and naval architects design, build, and maintain ships from aircraft carriers to submarines, from sailboats to tankers. Marine engineers work on the mechanical systems, such as propulsion and steering. Naval architects work on the basic design, including the form and stability of hulls.','172121',79920.00,38.42,5900,1000),(193,2,5,5,'Market Research Analysts','P103','Market research analysts study market conditions in local, regional, or national areas to examine potential sales of a product or service. They help companies understand what products people want, who will buy them, and at what price.','131161',60570.00,29.12,282700,116600),(194,11,5,8,'Massage Therapists','P206','Massage therapists treat clients by using touch to manipulate the soft-tissue muscles of the body. With their touch, therapists relieve pain, rehabilitate injuries, reduce stress, increase relaxation, and aid in the general wellness of clients.','319011',34900.00,16.78,153700,30900),(195,22,4,1,'Material Moving Machine Operators','P321','Material moving machine operators use machinery to transport various objects. Some operators move construction materials around building sites or earth around a mine. Others move goods around a warehouse or onto and off of container ships.','537011',30800.00,14.81,669000,83000),(196,17,5,9,'Material Recording Clerks','P361','Material recording clerks keep track of information to keep businesses and supply chains on schedule. They ensure proper scheduling, recordkeeping, and inventory control.','435061',24100.00,11.59,2812900,48700),(197,4,5,5,'Materials Engineers','P079','Materials engineers develop, process, and test materials used to create a range of products, from computer chips and aircraft wings to golf clubs and snow skis. They also help select materials and develop new ways to use materials.','172131',83120.00,39.96,22300,1900),(198,3,5,6,'Mathematicians','P004','Mathematicians use high-level mathematics and technology to develop new mathematical principles, understand relationships between existing principles, and solve real-world problems.','152021',99380.00,47.78,3100,500),(199,4,5,4,'Mechanical Engineering Technicians','P088','Mechanical engineering technicians help mechanical engineers design, develop, test, and manufacture industrial machinery, consumer products, and other equipment. They may make sketches and rough layouts, record and analyze data, make calculations and estimates, and report their findings.','173027',50110.00,24.09,44900,18001),(200,4,5,5,'Mechanical Engineers','P080','Mechanical engineering is one of the broadest engineering disciplines. Mechanical engineers design, develop, build, and test mechanical devices, including tools, engines, and machines.','172141',78160.00,37.58,243200,21300),(201,10,5,9,'Medical and Clinical Laboratory Technologists and Technicians','P184','Medical laboratory technologists (also known as medical laboratory scientists) and medical laboratory technicians collect samples and perform tests to analyze body fluids, tissue, and other substances.','292011',46680.00,22.44,330600,42900),(202,1,5,5,'Medical and Health Services Managers','P035','Medical and health services managers, also called healthcare executives or healthcare administrators, plan, direct, and coordinate medical and health services. They might manage an entire facility, specialize in managing a specific clinical area or department, or manage a medical practice for a group of physicians.','119111',84270.00,40.52,303000,68000),(203,21,5,2,'Medical Appliance Technicians','P309','Medical appliance technicians construct, fit, and repair medical supportive devices, including prosthetic limbs, arch supports, facial parts, and foot and leg braces.','519082',35670.00,17.15,14200,500),(204,11,5,2,'Medical Assistants','P208','Medical assistants complete administrative and clinical tasks in the offices of physicians, podiatrists, chiropractors, and other health practitioners. Their duties vary with the location, specialty, and size of the practice.','319092',28860.00,13.87,527600,162900),(205,20,5,4,'Medical Equipment Repairers','P292','Medical equipment repairers install, maintain, and repair patient care equipment.','499062',44490.00,21.39,37900,11900),(206,10,5,8,'Medical Records and Health Information Technicians','P196','Medical records and health information technicians organize and manage health information data by ensuring its quality, accuracy, accessibility, and security in both paper and electronic systems. They use various classification systems to code and categorize patient information for reimbursement purposes, for databases and registries, and to maintain patients’ medical and treatment histories.','292071',32350.00,15.55,179500,37700),(207,5,5,7,'Medical Scientists','P097','Medical scientists conduct research aimed at improving overall human health. They often use clinical trials and other investigative methods to reach their findings.','191042',76700.00,36.87,100000,36400),(208,11,5,8,'Medical Transcriptionists','P209','Medical transcriptionists listen to voice recordings that physicians and other health professionals make and convert them into written reports. They interpret medical terminology and abbreviations in preparing patients’ medical histories, discharge summaries, and other documents.','319094',32900.00,15.82,95100,5600),(209,2,2,5,'Meeting, Convention, and Event Planners','P046','Meeting, convention, and event planners coordinate all aspects of professional meetings and events. They choose meeting locations, arrange transportation, and coordinate other details.','131121',45260.00,21.76,71600,31300),(210,6,5,6,'Mental Health Counselors and Marriage and Family Therapists','P119','Mental health counselors and marriage and family therapists help people manage or overcome mental and emotional disorders and problems with their family and relationships. They listen to clients and ask questions to help the clients understand their problems and develop strategies to improve their lives.','211013',39710.00,19.09,156300,58500),(211,21,5,2,'Metal and Plastic Machine Workers','P296','Metal and plastic machine workers set up and operate machines that cut, shape, and form metal and plastic materials or pieces.','514011',31910.00,15.34,939700,56100),(212,5,5,5,'Microbiologists','P094','Microbiologists study the growth, development, and other characteristics of microscopic organisms such as bacteria, algae, and fungi.','191022',65920.00,31.69,20300,2700),(213,8,5,5,'Middle School Teachers','P133','Middle school teachers educate students, most of whom are in sixth through eighth grades. They help students build on the fundamentals they learned in elementary school and prepare them for the more difficult lessons they will learn in high school.','252022',51960.00,0.00,641700,108300),(214,20,5,2,'Millwrights','P290','Millwrights install, dismantle, repair, reassemble, and move machinery in factories, powerplants, and construction sites.','499044',48360.00,23.25,36500,1800),(215,4,5,5,'Mining and Geological Engineers','P081','Mining and geological engineers design mines for the safe and efficient removal of minerals, such as coal and minerals, for manufacturing and utilities.','172151',82870.00,39.84,6400,600),(216,16,5,1,'Models','P243','Models pose for artists, photographers, or customers to help advertise a variety of products, including clothing, cosmetics, food, and appliances.','419012',32920.00,15.83,1400,2001),(217,9,5,5,'Multimedia Artists and Animators','P144','Multimedia artists and animators create animation and visual effects for television, movies, video games, and other media. They create two- and three-dimensional models and animation.','271014',58510.00,28.13,66500,5500),(218,9,1,5,'Music Directors and Composers','P158','Music directors (also called conductors) lead orchestras and other musical groups during performances and recording sessions. Composers write and arrange original music in a variety of musical styles.','272041',45970.00,2.21,93200,9600),(219,9,5,2,'Musicians and Singers','P159','Musicians and singers play instruments or sing for live audiences and in recording studios. They perform in a variety of styles, such as classical, jazz, opera, rap, or rock.','272042',0.00,22.39,176200,17900),(220,1,3,5,'Natural Sciences Managers','P036','Natural sciences managers supervise the work of scientists, including chemists, physicists, and biologists. They direct research and development projects and coordinate activities such as testing, quality control, and production.','119121',116020.00,55.78,49300,38001),(221,3,5,5,'Network and Computer Systems Administrators','P061','Network and computer systems administrators are responsible for the day-to-day operation of an organization’s computer networks. They organize, install, and support an organization’s computer systems, including local area networks (LANs), wide area networks (WANs), network segments, intranets, and other data communication systems.','151142',69160.00,33.25,347200,96600),(222,4,5,5,'Nuclear Engineers','P082','Nuclear engineers research and develop the processes, instruments, and systems used to get benefits from nuclear energy and radiation. Many of these engineers find industrial and medical uses for radioactive materials—for example, in equipment used in medical diagnosis and treatment.','172161',99920.00,48.04,19100,20001),(223,10,5,4,'Nuclear Medicine Technologists','P188','Nuclear medicine technologists use a scanner to create images of various areas of a patient’s body. They prepare radioactive drugs and administer them to patients undergoing the scans. The radioactive drugs cause abnormal areas of the body to appear different from normal areas in the images.','292033',68560.00,32.96,21900,4100),(224,5,5,4,'Nuclear Technicians','P113','Nuclear technicians assist physicists, engineers, and other professionals in nuclear research and nuclear production. They operate special equipment used in these activities and monitor the levels of radiation that are produced.','194051',68090.00,32.73,7100,1000),(225,11,5,8,'Nursing Aides, Orderlies, and Attendants','P202','Nursing aides, orderlies, and attendants help provide basic care for patients in hospitals and residents of long-term care facilities, such as nursing homes.','311012',24010.00,11.54,1505300,302000),(226,10,5,5,'Occupational Health and Safety Specialists','P198','Occupational health and safety specialists analyze many types of work environments and work procedures. Specialists inspect workplaces for adherence to regulations on safety, health, and the environment. They also design programs to prevent disease or injury to workers and damage to the environment.','299011',64660.00,31.09,58700,5000),(227,10,5,2,'Occupational Health and Safety Technicians','P199','Occupational health and safety technicians collect data on the safety and health conditions of the workplace. Technicians work with occupational safety and health specialists in conducting tests and measuring hazards to help prevent harm to workers, property, the environment, and the general public.','299012',45330.00,21.79,106001,1400),(228,10,5,6,'Occupational Therapists','P177','Occupational therapists treat patients with injuries, illnesses, or disabilities through the therapeutic use of everyday activities. They help these patients develop, recover, and improve the skills needed for daily living and working.','291122',72320.00,34.77,108800,36400),(229,11,5,9,'Occupational Therapy Assistants and Aides','P204','Occupational therapy assistants and aides work under the direction of occupational therapists in treating patients with injuries, illnesses, or disabilities through the therapeutic use of everyday activities. They help these patients develop, recover, and improve the skills needed for daily living and working.','312011',47490.00,22.83,36000,14800),(230,19,5,1,'Oil and Gas Workers','P277','Oil and gas workers carry out the plans for drilling that petroleum engineers have designed. They operate the equipment that digs the well and that removes the oil or gas.','475011',37640.00,18.09,134800,11200),(231,3,5,5,'Operations Research Analysts','P064','Operations research analysts use advanced methods of analysis to help organizations solve problems and make better decisions.','152031',70960.00,34.12,64600,9400),(232,21,5,2,'Ophthalmic Laboratory Technicians','P310','Ophthalmic laboratory technicians make prescription eyeglasses and contact lenses. They are also commonly known as manufacturing opticians, optical mechanics, or optical goods workers.','519083',27970.00,13.45,29800,38001),(233,10,5,2,'Opticians, Dispensing','P197','Dispensing opticians help fit eyeglasses and contact lenses, following prescriptions from ophthalmologists and optometrists. They also help customers decide which eyeglass frames or type of contact lenses to buy.','292081',32940.00,15.84,62600,18100),(234,10,5,7,'Optometrists','P171','Optometrists perform eye exams to check for vision problems and diseases. They prescribe eyeglasses or contact lenses as needed.','291041',94990.00,45.67,34200,11300),(235,10,5,6,'Orthotists and Prosthetists','P351','Orthotists and prosthetists, also called O&P professionals, design medical support devices and measure and fit patients for them. These devices include artificial limbs (arms, hands, legs, and feet), braces, and other medical or surgical devices.','292091',65060.00,31.28,6300,8001),(236,19,5,1,'Painters, Construction and Maintenance','P268','Painters apply paint, stain, and coatings to walls, buildings, bridges, and other structures.','472141',34280.00,16.48,390500,72100),(237,21,5,2,'Painting and Coating Workers','P386','Painting and coating workers paint and coat a wide range of products, including cars, jewelry, and candy.','519121',31170.00,14.99,155200,13800),(238,7,5,4,'Paralegals and Legal Assistants','P129','Paralegals and legal assistants do a variety of tasks to support lawyers, including maintaining and organizing files, conducting legal research, and drafting documents.','232011',46680.00,22.44,256000,46900),(239,2,5,5,'Personal Financial Advisors','P052','Personal financial advisors give financial advice to people. They help with investments, taxes, and insurance decisions.','132052',64750.00,31.13,206800,66400),(240,14,5,2,'Pest Control Workers','P225','Pest control workers control, manage, or remove unwanted creatures, such as roaches, rats, ants, termites, and bedbugs, that infest buildings and surrounding areas.','372021',30340.00,14.59,68400,17900),(241,4,5,5,'Petroleum Engineers','P083','Petroleum engineers design and develop methods for extracting oil and gas from deposits below the earth’s surface. Petroleum engineers also find new ways to extract oil and gas from older wells.','172171',114080.00,54.85,30200,5100),(242,10,5,7,'Pharmacists','P172','Pharmacists dispense prescription medications to patients and offer advice on their safe use.','291051',111570.00,53.64,274900,69700),(243,10,5,2,'Pharmacy Technicians','P191','Pharmacy technicians help licensed pharmacists dispense prescription medication.','292052',28400.00,13.65,334400,108300),(244,9,5,2,'Photographers','P167','Photographers use their technical expertise, creativity, and composition skills to produce and preserve images that visually tell a story or record an event.','274021',29130.00,0.14,139500,17500),(245,11,5,9,'Physical Therapist Assistants and Aides','P205','Physical therapist assistants and physical therapist aides work under the direction of physical therapists. They help patients who are recovering from injuries, illnesses, and surgeries regain movement and manage pain.','312021',37710.00,18.13,114400,51100),(246,10,5,7,'Physical Therapists','P178','Physical therapists help people who have injuries or illnesses improve their movement and manage their pain. They are often an important part of rehabilitation and treatment of patients with chronic conditions or injuries.','291123',76310.00,36.69,198600,77400),(247,10,5,6,'Physician Assistants','P174','Physician assistants, also known as PAs, practice medicine under the direction of physicians and surgeons. They are formally trained to examine patients, diagnose injuries and illnesses, and provide treatment.','291071',86410.00,41.54,83600,24700),(248,10,5,7,'Physicians and Surgeons','P173','Physicians and surgeons diagnose and treat injuries and illnesses in patients. Physicians examine patients, take medical histories, prescribe medications, and order, perform, and interpret diagnostic tests. Surgeons operate on patients to treat injuries, such as broken bones; diseases, such as cancerous tumors; and deformities, such as cleft palates.','291060',0.00,0.00,691000,168300),(249,5,5,7,'Physicists and Astronomers','P098','Physicists and astronomers study the fundamental nature of the universe, ranging from the vastness of space to the smallest of subatomic particles. They develop new technologies, methods, and theories based on the results of their research that deepen our understanding of how things work and contribute to innovative, real-world applications.','192011',105430.00,50.69,20600,2800),(250,19,5,1,'Plasterers and Stucco Masons','P270','Plasterers and stucco masons apply coats of plaster or stucco to walls, ceilings, or partitions for functional and decorative purposes. Some workers apply ornamental plaster.','472161',37210.00,17.89,27900,4800),(251,19,5,2,'Plumbers, Pipefitters, and Steamfitters','P269','Plumbers, pipefitters, and steamfitters install and repair pipes that carry water, steam, air, or other liquids or gases to and in businesses, homes, and factories.','472152',46660.00,22.43,419900,107600),(252,10,5,7,'Podiatrists','P175','Podiatrists provide medical and surgical care for people suffering foot, ankle, and lower leg problems. They diagnose illnesses, treat injuries, and perform surgery.','291081',118030.00,56.75,12900,2600),(253,12,4,2,'Police and Detectives','P213','Police officers protect lives and property. Detectives and criminal investigators, who sometimes are called agents or special agents, gather facts and collect evidence of possible crimes. Law enforcement officers’ duties depend on the size and type of their organizations.','333021',55010.00,26.45,794300,58700),(254,17,5,2,'Police, Fire, and Ambulance Dispatchers','P252','Police, fire, and ambulance dispatchers, also called 9-1-1 operators or public safety telecommunicators, answer emergency and non-emergency calls. They take information from the caller and send the appropriate type and number of units.','435031',35370.00,0.17,100100,11700),(255,5,5,6,'Political Scientists','P109','Political scientists study the origin, development, and operation of political systems. They research political ideas and analyze the structure and operation of governments, policies, political trends, and related issues.','193094',107420.00,51.65,5600,4001),(256,17,5,2,'Postal Service Workers','P253','Postal Service workers sell postal products and collect, sort, and deliver mail.','435051',53090.00,25.52,524200,138600),(257,1,1,6,'Postsecondary Education Administrators','P031','Postsecondary education administrators oversee student services, academics, and research at colleges and universities. Their job duties vary depending on the area of the college they manage, such as admissions, student life, or the office of the registrar.','119033',83710.00,40.24,146200,27800),(258,8,5,7,'Postsecondary Teachers','P130','Postsecondary teachers instruct students who have completed high school in a wide variety of subjects. They also conduct research and publish scholarly papers and books.','251000',62050.00,0.00,1756000,305700),(259,21,5,2,'Power Plant Operators, Distributors, and Dispatchers','P301','Power plant operators, distributors, and dispatchers control the systems that generate and distribute electric power.','518011',65360.00,31.42,55900,1100),(260,1,1,5,'Preschool and Childcare Center Directors','P029','Preschool and childcare center directors are responsible for all aspects of their program. They direct and lead staff, oversee daily activities, and prepare plans and budgets.','119031',42960.00,20.65,63600,15800),(261,8,5,4,'Preschool Teachers','P131','Preschool teachers educate and care for children, usually ages 3 to 5, who have not yet entered kindergarten. They explain reading, writing, science, and other subjects in a way that young children can understand.','252011',25700.00,12.35,456800,113600),(262,21,5,9,'Printing Workers','P382','Printing workers produce print material in three stages: prepress, press, and binding and finishing. They review specifications, identify and fix problems with printing equipment, and assemble pages.','515111',33150.00,15.94,304600,12600),(263,12,1,3,'Private Detectives and Investigators','P215','Private detectives and investigators find facts and analyze information about legal, financial, and personal matters.','339021',42870.00,20.61,34700,7100),(264,6,5,5,'Probation Officers and Correctional Treatment Specialists','P124','Probation officers and correctional treatment specialists work with and monitor offenders to prevent them from committing new crimes.','211092',47200.00,22.69,93200,17100),(265,9,1,5,'Producers and Directors','P152','Producers and directors are in charge of creating motion pictures, television shows, live theater, and other performing arts productions. They interpret a writer’s script to entertain or inform an audience.','272012',68440.00,3.29,122500,13500),(266,1,1,2,'Property, Real Estate, and Community Association Managers','P037','Property, real estate, and community association managers take care of the many aspects of residential, commercial, or industrial properties. They make sure the property looks nice, operates smoothly, and preserves its resale value.','119141',51480.00,24.75,303900,18400),(267,10,5,9,'Psychiatric Technicians and Aides','P203','Psychiatric technicians and aides care for people who have mental illness and developmental disabilities. The two occupations are related, but technicians typically provide therapeutic care, and aides help patients in their daily activities and ensure a safe, clean environment.','292053',26880.00,12.92,142500,21800),(268,5,5,9,'Psychologists','P105','Psychologists study mental processes and human behavior by observing, interpreting, and recording how people and other animals relate to one another and the environment.','193031',68640.00,0.33,174000,37700),(269,1,4,5,'Public Relations Managers and Specialists','P019','Public relations managers and specialists create and maintain a favorable public image for their employer or client. They write material for media releases, plan and direct public relations programs, and raise funds for their organizations.','112031',57550.00,27.67,320000,68300),(270,1,4,9,'Purchasing Managers, Buyers, and Purchasing Agents','P324','Purchasing managers, buyers, and purchasing agents buy products for organizations to use or resell. They evaluate suppliers, negotiate contracts, and review product quality.','113061',58360.00,28.06,487200,31700),(271,21,5,2,'Quality Control Inspectors','P306','Quality control inspectors examine products and materials for defects or deviations from manufacturers’ or industry specifications.','519061',33030.00,15.88,416100,33300),(272,10,5,4,'Radiation Therapists','P179','Radiation therapists treat cancer and other diseases in patients by giving radiation treatments.','291124',74980.00,36.05,16900,3400),(273,10,5,4,'Radiologic Technologists','P189','Radiologic technologists perform diagnostic imaging examinations, such as x rays, on patients.','292037',54340.00,26.13,219900,61000),(274,22,5,2,'Railroad Conductors and Yardmasters','P318','Conductors and yardmasters coordinate the daily activities of both freight and passenger train crews. Conductors work on the train. Yardmasters work in the rail yard.','534031',49770.00,23.93,40800,1900),(275,16,4,2,'Real Estate Brokers and Sales Agents','P244','Real estate brokers and sales agents help clients buy, sell, and rent properties. Brokers and agents do the same type of work, but brokers are licensed to manage their own real estate businesses. Sales agents must work with a broker.','419021',42680.00,20.52,466100,52500),(276,17,5,2,'Receptionists','P250','Receptionists do various administrative tasks, including answering telephones and giving information to the public and customers.','434171',25240.00,12.14,1048500,248500),(277,15,5,5,'Recreation Workers','P236','Recreation workers design and lead leisure activities for groups in volunteer agencies or recreation facilities, such as playgrounds, parks, camps and senior centers. They may lead activities in areas such as arts and crafts, sports, games, music, and camping.','399032',22260.00,1.07,339100,64300),(278,10,5,5,'Recreational Therapists','P180','Recreational therapists plan, direct, and coordinate recreation programs for people with disabilities or illnesses. They use a variety of techniques, including arts and crafts, drama, music, dance, sports, games, and field trips. These programs help maintain or improve a client’s physical and emotional well-being.','291125',39410.00,18.95,22400,38001),(279,10,5,4,'Registered Nurses','P176','Registered nurses (RNs) provide and coordinate patient care, educate patients and the public about various health conditions, and provide advice and emotional support to patients and their family members.','291111',64690.00,31.11,2737400,711900),(280,6,5,6,'Rehabilitation Counselors','P120','Rehabilitation counselors help people with emotional and physical disabilities live independently. They help their clients overcome personal, social, and professional effects of disabilities as they relate to employment or independent living.','211015',32350.00,15.55,129800,36600),(281,19,5,2,'Reinforcing Iron and Rebar Workers','P271','Reinforcing iron and rebar workers install mesh, steel bars (rebar), or cables to reinforce concrete.','472171',38430.00,18.48,19100,9300),(282,9,5,5,'Reporters, Correspondents, and Broadcast News Analysts','P161','Reporters, correspondents, and broadcast news analysts inform the public about news and events happening internationally, nationally, and locally. They report the news for newspapers, magazines, websites, television, and radio.','273021',36000.00,17.31,58500,3200),(283,10,5,4,'Respiratory Therapists','P181','Respiratory therapists care for patients who have trouble breathing; for example, from a chronic respiratory disease, such as asthma or emphysema. They also provide emergency care to patients suffering from heart attacks, stroke, drowning, or shock.','291126',54280.00,26.11,112700,31200),(284,16,5,1,'Retail Sales Workers','P238','Retail sales workers include both those who sell retail merchandise, such as clothing, furniture, and automobiles, (called retail salespersons) and those who sell spare and replacement parts and equipment, especially car parts, (called parts salespersons). Both groups help customers find the products they want and process customers’ payments.','412022',20990.00,10.09,4465500,739400),(285,19,5,1,'Roofers','P272','Roofers repair and install the roofs of buildings using a variety of materials, including shingles, asphalt, and metal.','472181',34220.00,16.45,136700,24400),(286,16,5,5,'Sales Engineers','P245','Sales engineers sell complex scientific and technological products or services to businesses. They must have extensive knowledge of the products’ parts and functions and must understand the scientific processes that make these products work.','419031',87390.00,42.01,66400,9500),(287,1,1,5,'Sales Managers','P018','Sales managers direct sales teams of organizations. They set sales goals, analyze data, and develop training programs for the sales representatives of the organization.','112022',98530.00,47.37,342100,40100),(288,6,5,6,'School and Career Counselors','P117','School counselors help students develop social skills and succeed in school. Career counselors assist people with the process of making career decisions by helping them choose a career or educational program.','211012',53380.00,25.67,281400,53400),(289,17,4,2,'Secretaries and Administrative Assistants','P254','Secretaries and administrative assistants perform routine clerical and organizational tasks. They organize files, draft messages, schedule appointments, and support other staff.','436011',34660.00,16.66,4010200,492900),(290,16,5,5,'Securities, Commodities, and Financial Services Sales Agents','P241','Securities, commodities, and financial services sales agents connect buyers and sellers in financial markets. They sell securities to individuals, advise companies in search of investors, and conduct trades.','413031',70190.00,33.75,312200,47500),(291,12,5,2,'Security Guards and Gaming Surveillance Officers','P216','Security guards and gaming surveillance officers patrol and inspect property against fire, theft, vandalism, terrorism, and illegal activity. They monitor people and buildings in an effort to prevent crime.','339031',24380.00,11.72,1090600,200200),(292,8,1,2,'Self-enrichment Teachers','P347','Self-enrichment teachers instruct in a variety of subjects that students take for fun or self-improvement, such as music and foreign languages. These classes generally do not lead to a degree or certification, and students take them voluntarily to learn new skills or gain understanding of a subject.','253021',36340.00,17.47,252800,52800),(293,21,5,4,'Semiconductor Processors','P015','Semiconductor processors oversee the manufacturing of electronic semiconductors, which are commonly known as integrated circuits or microchips. These microchips are found in all electronic devices—including cell phones, cars, and laptops—and are an important part of modern life.','519141',33130.00,15.93,21100,3800),(294,9,5,5,'Set and Exhibit Designers','P150','Set designers create sets for movie, television, theater, and other productions. They analyze scripts or other research documents to determine how many sets will be needed and how each set can best support the story. Exhibit designers create spaces to display products, art, or artifacts.','271027',46680.00,22.44,11700,1200),(295,21,5,1,'Sewers and Tailors','P383','Sewers and tailors sew, join, reinforce, or finish clothing or other items. They may create new pieces of clothing from patterns and designs or alter existing garments to fit customers better.','516051',25850.00,12.43,57500,4001),(296,19,5,2,'Sheet Metal Workers','P369','Sheet metal workers fabricate or install products that are made from thin metal sheets, such as ducts used for heating and air conditioning.','472211',41710.00,20.05,136100,23900),(297,15,5,8,'Skincare Specialists','P231','Skincare specialists cleanse and beautify the face and body to enhance a person’s appearance.','395094',28920.00,1.39,47600,11700),(298,21,5,1,'Slaughterers and Meat Packers','P380','Slaughterers and meat packers kill and clean animals, divide carcasses into manageable sections, and grind or otherwise prepare and pack products, such as boxed beef, for shipping to distribution centers.','513023',23380.00,11.24,89100,7400),(299,20,5,2,'Small Engine Mechanics','P286','Small engine mechanics inspect, service, and repair motorized power equipment. Mechanics often specialize in one type of equipment, such as motorcycles, motorboats, or outdoor power equipment.','493051',31790.00,15.29,68800,14300),(300,1,1,5,'Social and Community Service Managers','P038','Social and community service managers coordinate and supervise social service programs and community organizations. They direct and lead staff who provide services to the public.','119151',57950.00,27.86,134100,35800),(301,6,5,2,'Social and Human Service Assistants','P125','Social and human service assistants help people get through difficult times or get additional support. They help other workers, such as social workers, and they help clients find benefits or community services.','211093',28200.00,13.56,384200,106000),(302,6,5,9,'Social Workers','P121','There are two main types of social workers: direct-service social workers, who help people solve and cope with problems in their everyday lives, and clinical social workers, who diagnose and treat mental, behavioral, and emotional issues.','211021',42480.00,20.42,650500,161200),(303,5,5,6,'Sociologists','P106','Sociologists study society and social behavior by examining the groups, cultures, organizations, social institutions, and processes that people develop.','193041',72360.00,34.79,4000,700),(304,3,5,5,'Software Developers','P057','Software developers are the creative minds behind computer programs. Some develop the applications that allow people to do specific tasks on a computer or other device. Others develop the underlying systems that run the devices or control networks.','151132',90530.00,43.52,913100,270900),(305,8,5,5,'Special Education Teachers','P135','Special education teachers work with students who have a wide range of learning, mental, emotional and physical disabilities. With students who have mild or moderate disabilities, they ensure that lessons and teaching strategies are modified to meet the students’ needs. With students who have severe disabilities, they teach the students independent living skills and basic literacy, communication, and math.','252041',53220.00,0.00,459600,77400),(306,10,5,6,'Speech-Language Pathologists','P182','Speech-language pathologists diagnose and treat communication and swallowing disorders in patients.','291127',66920.00,32.17,123200,28800),(307,21,5,2,'Stationary Engineers and Boiler Operators','P303','Stationary engineers and boiler operators control stationary engines, boilers, or other mechanical equipment to provide utilities for buildings or for industrial purposes.','518021',52140.00,25.07,37600,2300),(308,3,5,6,'Statisticians','P065','Statisticians use mathematical techniques to analyze and interpret data and draw conclusions.','152041',72830.00,35.02,25100,3500),(309,19,5,2,'Structural Iron and Steel Workers','P273','Structural iron and steel workers install iron or steel beams, girders, and columns to form buildings, bridges, and other structures. They are often referred to as ironworkers.','472221',44540.00,21.42,59800,13100),(310,6,5,2,'Substance Abuse and Behavioral Disorder Counselors','P116','Substance abuse and behavioral disorder counselors advise people who have alcoholism or other types of addiction, eating disorders, or other behavioral problems. They provide treatment and support to help the client recover from addiction or modify problem behaviors.','211011',38120.00,18.33,85500,23400),(311,22,5,2,'Subway and Streetcar Operators','P319','Subway and streetcar operators transport passengers in urban and suburban areas. The vehicles they drive travel underground, on above-ground and elevated tracks, on streets, or on separate tracks.','534041',56880.00,27.35,6500,600),(312,10,5,8,'Surgical Technologists','P193','Surgical technologists, also called operating room technicians, assist in surgical operations. They prepare operating rooms, arrange equipment, and help doctors and nurses during surgeries.','292055',39920.00,19.19,93600,17700),(313,5,5,5,'Survey Researchers','P104','Survey researchers design or conduct surveys and analyze survey data.','193022',36050.00,17.33,19600,4700),(314,4,5,2,'Surveying and Mapping Technicians','P089','Surveying and mapping technicians assist surveyors and cartographers in collecting data and making maps of the earth’s surface. Surveying technicians visit sites to take measurements of the land. Mapping technicians use geographic data to create maps.','173031',37900.00,18.22,56900,9000),(315,4,5,5,'Surveyors','P069','Surveyors establish official land, airspace, and water boundaries. Surveyors work with civil engineers, landscape architects, and urban and regional planners to develop comprehensive design documents.','171022',54880.00,26.39,51200,13000),(316,2,5,5,'Tax Examiners and Collectors, and Revenue Agents','P055','Tax examiners and collectors, and revenue agents ensure that governments get their tax money from businesses and citizens. They review tax returns, conduct audits, identify taxes owed, and collect overdue tax payments.','132081',49360.00,23.73,74500,5500),(317,22,5,1,'Taxi Drivers and Chauffeurs','P316','Taxi drivers and chauffeurs drive people to and from the places they need to go, such as homes, workplaces, airports, and shopping centers. They must know their way around a city to take both residents and visitors to their destinations.','533041',22440.00,10.79,239900,47000),(318,8,5,2,'Teacher Assistants','P142','Teacher assistants work under a teacher’s supervision to give students additional attention and instruction.','259041',23220.00,0.00,1288300,191100),(319,9,1,5,'Technical Writers','P163','Technical writers, also called technical communicators, produce instruction manuals and other supporting documents to communicate complex and technical information more easily. They also develop, gather, and disseminate technical information among customers, designers, and manufacturers.','273042',63280.00,30.42,49500,8500),(320,20,5,8,'Telecommunications Equipment Installers and Repairers Except Line Installers','P279','Telecommunications equipment installers and repairers, also known as telecom technicians, set up and maintain devices or equipment that carry communications signals, connect to telephone lines, or access the Internet.','492022',54710.00,2.63,194900,28400),(321,17,5,2,'Tellers','P248','Tellers are responsible for accurately processing routine transactions at a bank. These transactions include cashing checks, depositing money, and collecting loan payments.','433071',24100.00,11.59,560000,7300),(322,19,5,1,'Tile and Marble Setters','P262','Tile and marble setters apply hard tile, marble, and wood tiles to walls, floors, and other surfaces.','472044',38110.00,18.32,58700,14900),(323,1,4,9,'Top Executives','P039','Top executives devise strategies and policies to ensure that an organization meets its goals. They plan, direct, and coordinate operational activities of companies and public or private-sector organizations.','111011',101250.00,48.68,2136900,97000),(324,22,4,2,'Train Engineers and Operators','P317','Train engineers and train operators ensure that freight trains and passenger trains stay on time and travel safely. Train engineers drive trains. Train operators work the brakes, signals, or switches.','534011',46100.00,22.17,67100,500),(325,1,1,5,'Training and Development Managers','P024','Training and development managers plan, direct, and coordinate programs to enhance the knowledge and skills of an organization’s employees. They also oversee a staff of training and development specialists.','113131',89170.00,42.87,29800,4300),(326,16,5,2,'Travel Agents','P012','Travel agents sell transportation, lodging, and admission to entertainment activities to individuals and groups who are planning trips. They offer advice on destinations, plan trip itineraries, and make travel arrangements for clients.','413041',31870.00,15.32,82800,8300),(327,9,5,2,'Umpires, Referees, and Other Sports Officials','P155','Umpires, referees, and other sports officials preside over competitive athletic or sporting events. They detect infractions and decide penalties according to the rules of the game.','272023',22840.00,0.00,19500,3900),(328,21,5,2,'Upholsterers','P384','Upholsterers make, replace, and repair coverings on furniture and in vehicles.','516093',29960.00,1.44,46900,20001),(329,5,5,6,'Urban and Regional Planners','P107','Urban and regional planners develop plans and programs for the use of land. They use planning to create communities, accommodate growth, or revitalize physical facilities in towns, cities, counties, and metropolitan areas.','193051',63040.00,30.31,40300,6500),(330,10,5,7,'Veterinarians','P183','Veterinarians care for the health of animals. They diagnose, treat, or research medical conditions and diseases of pets, livestock, and animals in zoos, racetracks, and laboratories.','291131',82040.00,39.44,61400,22000),(331,11,5,2,'Veterinary Assistants and Laboratory Animal Caretakers','P210','Veterinary assistants and laboratory animal caretakers look after nonfarm animals in laboratories, animal hospitals, and clinics. They care for the well-being of animals by doing routine tasks under the supervision of veterinarians, scientists, or veterinary technologists or technicians.','319096',22040.00,1.06,73200,10400),(332,10,5,4,'Veterinary Technologists and Technicians','P194','Veterinary technologists and technicians perform medical tests under the supervision of a licensed veterinarian to treat or to help veterinarians diagnose the illnesses and injuries of animals.','292056',29710.00,14.28,80200,41700),(333,13,5,1,'Waiters and Waitresses','P222','Waiters and waitresses take orders and serve food and beverages to customers in dining establishments.','353031',18330.00,8.81,2260300,195900),(334,21,5,2,'Water and Wastewater Treatment Plant and System Operators','P304','Water and wastewater treatment plant and system operators manage a system of machines, often through the use of control boards, to transfer or treat water or wastewater.','518031',40770.00,1.96,110700,12900),(335,22,5,9,'Water Transportation Occupations','P320','Workers in water transportation occupations operate and maintain ships that take cargo and people over water. These ships travel to and from foreign ports across the ocean, to domestic ports along the coasts, across the Great Lakes, and along the country’s many inland waterways.','535011',46610.00,22.41,82600,16700),(336,21,2,2,'Welders, Cutters, Solderers, and Brazers','P298','Welders, cutters, solderers, and brazers weld or join metal parts. They also fill holes, indentions, or seams of metal products, using hand-held welding equipment.','514121',35450.00,17.04,337300,50700),(337,16,5,9,'Wholesale and Manufacturing Sales Representatives','P242','Wholesale and manufacturing sales representatives sell goods for wholesalers or manufacturers to businesses, government agencies, and other organizations. They contact customers, explain product features, answer any questions that their customers may have, and negotiate prices.','414011',56620.00,27.22,1830000,288900),(338,21,5,2,'Woodworkers','P300','Woodworkers build a variety of products, such as cabinets and furniture, using wood.','517011',28010.00,13.47,217200,39300),(339,9,5,5,'Writers and Authors','P164','Writers and authors develop original written content for advertisements, books, magazines, movie and television scripts, songs, and online publications.','273043',55420.00,26.64,145900,9500),(340,5,5,5,'Zoologists and Wildlife Biologists','P095','Zoologists and wildlife biologists study the characteristics and habitats of animals and wildlife.','191023',57430.00,27.61,19800,1500);
/*!40000 ALTER TABLE `occupations` ENABLE KEYS */;
UNLOCK TABLES;

--
-- Table structure for table `workexperiences`
--

DROP TABLE IF EXISTS `workexperiences`;
/*!40101 SET @saved_cs_client     = @@character_set_client */;
/*!40101 SET character_set_client = utf8 */;
CREATE TABLE `workexperiences` (
  `Id` int(11) NOT NULL AUTO_INCREMENT,
  `Name` longtext,
  `Alias` longtext,
  PRIMARY KEY (`Id`)
) ENGINE=InnoDB AUTO_INCREMENT=6 DEFAULT CHARSET=latin1;
/*!40101 SET character_set_client = @saved_cs_client */;

--
-- Dumping data for table `workexperiences`
--

LOCK TABLES `workexperiences` WRITE;
/*!40000 ALTER TABLE `workexperiences` DISABLE KEYS */;
INSERT INTO `workexperiences` VALUES (1,'1 to 5 Years','1to5years'),(2,'Less than 1 Year','Lessthan1year'),(3,'More than 5 Years','Morethan5years'),(4,'Work experience that is commonly considered necessary by employers, or is a commonly accepted substitute for more formal types of training or education','Work experience that is commonly considered necessary by employers, or is a commonly accepted substitute for more formal types of training or education.'),(5,'None','None');
/*!40000 ALTER TABLE `workexperiences` ENABLE KEYS */;
UNLOCK TABLES;
/*!40103 SET TIME_ZONE=@OLD_TIME_ZONE */;

/*!40101 SET SQL_MODE=@OLD_SQL_MODE */;
/*!40014 SET FOREIGN_KEY_CHECKS=@OLD_FOREIGN_KEY_CHECKS */;
/*!40014 SET UNIQUE_CHECKS=@OLD_UNIQUE_CHECKS */;
/*!40101 SET CHARACTER_SET_CLIENT=@OLD_CHARACTER_SET_CLIENT */;
/*!40101 SET CHARACTER_SET_RESULTS=@OLD_CHARACTER_SET_RESULTS */;
/*!40101 SET COLLATION_CONNECTION=@OLD_COLLATION_CONNECTION */;
/*!40111 SET SQL_NOTES=@OLD_SQL_NOTES */;

-- Dump completed on 2014-11-08  4:08:54
